Тираж;Дата;День недели;Дата и Время;Выпавшие шары;Жёлтых;Чёрных
#72609100347;2026-09-10;Четверг;2026-09-10 20:45:36;11, 41, 9, 35, 27, 10, 32;3.0;4.0
#72609100348;2026-09-10;Четверг;2026-09-10 20:49:12;10, 27, 33, 12, 16, 31, 14;4.0;3.0
#72609100349;2026-09-10;Четверг;2026-09-10 20:52:48;22, 15, 8, 41, 12, 29, 20;0.0;7.0
#72609100350;2026-09-10;Четверг;2026-09-10 20:56:24;41, 12, 14, 2, 40, 5, 24;3.0;4.0
#72609100351;2026-09-10;Четверг;2026-09-10 21:00:00;40, 2, 42, 30, 23, 36, 26;5.0;2.0
#72609100352;2026-09-10;Четверг;2026-09-10 21:03:36;42, 2, 28, 17, 32, 3, 9;4.0;3.0
#72609100353;2026-09-10;Четверг;2026-09-10 21:07:12;17, 27, 29, 40, 21, 24, 13;2.0;5.0
#72609100354;2026-09-10;Четверг;2026-09-10 21:10:48;17, 31, 10, 11, 28, 40, 25;5.0;2.0
#72609100355;2026-09-10;Четверг;2026-09-10 21:14:24;14, 40, 39, 41, 16, 36, 38;4.0;3.0
#72609100356;2026-09-10;Четверг;2026-09-10 21:18:00;9, 12, 39, 18, 20, 25, 42;4.0;3.0
#72609100357;2026-09-10;Четверг;2026-09-10 21:21:36;20, 23, 31, 28, 25, 26, 2;5.0;2.0
#72609100358;2026-09-10;Четверг;2026-09-10 21:25:12;9, 42, 10, 22, 41, 11, 6;4.0;3.0
#72609100359;2026-09-10;Четверг;2026-09-10 21:28:48;2, 38, 1, 22, 21, 37, 36;3.0;4.0
#72609100360;2026-09-10;Четверг;2026-09-10 21:32:24;5, 10, 18, 25, 40, 42, 37;4.0;3.0
#72609100361;2026-09-10;Четверг;2026-09-10 21:36:00;38, 11, 13, 18, 40, 5, 19;5.0;2.0
#72609100362;2026-09-10;Четверг;2026-09-10 21:39:36;19, 3, 5, 12, 11, 29, 27;2.0;5.0
#72609100363;2026-09-10;Четверг;2026-09-10 21:43:12;19, 28, 10, 33, 37, 21, 6;5.0;2.0
#72609100364;2026-09-10;Четверг;2026-09-10 21:46:48;38, 15, 40, 3, 39, 17, 14;3.0;4.0
#72609100365;2026-09-10;Четверг;2026-09-10 21:50:24;23, 28, 36, 15, 7, 13, 27;3.0;4.0
#72609100366;2026-09-10;Четверг;2026-09-10 21:54:00;41, 29, 30, 24, 10, 15, 6;2.0;5.0
#72609100367;2026-09-10;Четверг;2026-09-10 21:57:36;33, 25, 2, 24, 11, 1, 39;4.0;3.0
#72609100368;2026-09-10;Четверг;2026-09-10 22:01:12;18, 14, 34, 35, 7, 26, 12;4.0;3.0
#72609100369;2026-09-10;Четверг;2026-09-10 22:04:48;33, 34, 12, 25, 42, 1, 17;3.0;4.0
#72609100370;2026-09-10;Четверг;2026-09-10 22:08:24;1, 33, 30, 31, 22, 19, 14;5.0;2.0
#72609100371;2026-09-10;Четверг;2026-09-10 22:12:00;19, 10, 31, 37, 39, 5, 41;2.0;5.0
#72609100372;2026-09-10;Четверг;2026-09-10 22:15:36;38, 29, 34, 28, 10, 35, 20;3.0;4.0
#72609100373;2026-09-10;Четверг;2026-09-10 22:19:12;6, 13, 36, 3, 4, 15, 27;2.0;5.0
#72609100374;2026-09-10;Четверг;2026-09-10 22:22:48;13, 17, 22, 36, 14, 4, 16;3.0;4.0
#72609100375;2026-09-10;Четверг;2026-09-10 22:26:24;40, 39, 30, 4, 2, 31, 29;5.0;2.0
#72609100376;2026-09-10;Четверг;2026-09-10 22:30:00;24, 34, 18, 32, 12, 25, 16;3.0;4.0
#72609100377;2026-09-10;Четверг;2026-09-10 22:33:36;33, 1, 40, 3, 20, 9, 13;3.0;4.0
#72609100378;2026-09-10;Четверг;2026-09-10 22:37:12;26, 25, 8, 4, 29, 1, 37;2.0;5.0
#72609100379;2026-09-10;Четверг;2026-09-10 22:40:48;12, 31, 4, 15, 30, 42, 36;4.0;3.0
#72609100380;2026-09-10;Четверг;2026-09-10 22:44:24;12, 16, 20, 40, 22, 8, 10;2.0;5.0
#72609100381;2026-09-10;Четверг;2026-09-10 22:48:00;12, 34, 18, 29, 22, 15, 16;2.0;5.0
#72609100382;2026-09-10;Четверг;2026-09-10 22:51:36;9, 15, 18, 32, 35, 11, 27;4.0;3.0
#72609100383;2026-09-10;Четверг;2026-09-10 22:55:12;2, 5, 34, 14, 3, 22, 36;2.0;5.0
#72609100384;2026-09-10;Четверг;2026-09-10 22:58:48;5, 18, 12, 14, 28, 30, 42;5.0;2.0
#72609100385;2026-09-10;Четверг;2026-09-10 23:02:24;4, 9, 11, 15, 28, 18, 24;5.0;2.0
#72609100386;2026-09-10;Четверг;2026-09-10 23:06:00;14, 12, 15, 33, 31, 42, 37;4.0;3.0
#72609100387;2026-09-10;Четверг;2026-09-10 23:09:36;10, 35, 9, 40, 23, 29, 41;4.0;3.0
#72609110001;2026-09-11;Пятница;2026-09-11 00:00:00;38, 27, 2, 7, 29, 18, 21;5.0;2.0
#72609110002;2026-09-11;Пятница;2026-09-11 00:03:36;42, 30, 23, 20, 11, 27, 36;4.0;3.0
#72609110003;2026-09-11;Пятница;2026-09-11 00:07:12;36, 23, 37, 12, 31, 32, 29;2.0;5.0
#72609110004;2026-09-11;Пятница;2026-09-11 00:10:48;8, 15, 41, 20, 26, 7, 18;2.0;5.0
#72609110005;2026-09-11;Пятница;2026-09-11 00:14:24;38, 28, 14, 5, 15, 7, 8;4.0;3.0
#72609110006;2026-09-11;Пятница;2026-09-11 00:18:00;31, 10, 30, 9, 8, 2, 40;5.0;2.0
#72609110007;2026-09-11;Пятница;2026-09-11 00:21:36;16, 13, 32, 26, 4, 30, 12;3.0;4.0
#72609110008;2026-09-11;Пятница;2026-09-11 00:25:12;13, 2, 23, 14, 16, 42, 38;6.0;1.0
#72609110009;2026-09-11;Пятница;2026-09-11 00:28:48;19, 24, 6, 11, 20, 4, 5;4.0;3.0
#72609110010;2026-09-11;Пятница;2026-09-11 00:32:24;18, 33, 22, 5, 1, 37, 17;2.0;5.0
#72609110011;2026-09-11;Пятница;2026-09-11 00:36:00;26, 8, 6, 18, 27, 5, 22;2.0;5.0
#72609110012;2026-09-11;Пятница;2026-09-11 00:39:36;9, 30, 23, 4, 19, 7, 28;7.0;0.0
#72609110013;2026-09-11;Пятница;2026-09-11 00:43:12;9, 2, 37, 32, 41, 31, 38;4.0;3.0
#72609110014;2026-09-11;Пятница;2026-09-11 00:46:48;42, 8, 3, 12, 38, 40, 1;3.0;4.0
#72609110015;2026-09-11;Пятница;2026-09-11 00:50:24;33, 30, 19, 4, 8, 9, 17;5.0;2.0
#72609110016;2026-09-11;Пятница;2026-09-11 00:54:00;34, 32, 24, 41, 40, 36, 39;1.0;6.0
#72609110017;2026-09-11;Пятница;2026-09-11 00:57:36;22, 12, 10, 40, 8, 32, 18;2.0;5.0
#72609110018;2026-09-11;Пятница;2026-09-11 01:01:12;34, 42, 13, 39, 1, 23, 27;2.0;5.0
#72609110019;2026-09-11;Пятница;2026-09-11 01:04:48;38, 33, 1, 26, 25, 14, 20;4.0;3.0
#72609110020;2026-09-11;Пятница;2026-09-11 01:08:24;18, 25, 42, 4, 22, 36, 28;5.0;2.0
#72609110021;2026-09-11;Пятница;2026-09-11 01:12:00;1, 14, 9, 20, 4, 6, 8;4.0;3.0
#72609110022;2026-09-11;Пятница;2026-09-11 01:15:36;16, 8, 36, 24, 11, 33, 18;4.0;3.0
#72609110023;2026-09-11;Пятница;2026-09-11 01:19:12;4, 35, 41, 2, 23, 33, 28;6.0;1.0
#72609110024;2026-09-11;Пятница;2026-09-11 01:22:48;42, 32, 21, 6, 12, 5, 11;4.0;3.0
#72609110025;2026-09-11;Пятница;2026-09-11 01:26:24;30, 42, 3, 25, 9, 41, 18;5.0;2.0
#72609110026;2026-09-11;Пятница;2026-09-11 01:30:00;24, 25, 37, 23, 3, 15, 18;3.0;4.0
#72609110027;2026-09-11;Пятница;2026-09-11 01:33:36;20, 21, 37, 42, 17, 15, 11;3.0;4.0
#72609110028;2026-09-11;Пятница;2026-09-11 01:37:12;13, 6, 32, 35, 2, 3, 38;4.0;3.0
#72609110029;2026-09-11;Пятница;2026-09-11 01:40:48;40, 19, 2, 38, 21, 6, 27;6.0;1.0
#72609110030;2026-09-11;Пятница;2026-09-11 01:44:24;12, 29, 16, 42, 28, 8, 24;3.0;4.0
#72609110031;2026-09-11;Пятница;2026-09-11 01:48:00;32, 28, 9, 30, 14, 33, 22;5.0;2.0
#72609110032;2026-09-11;Пятница;2026-09-11 01:51:36;18, 2, 29, 39, 9, 21, 35;5.0;2.0
#72609110033;2026-09-11;Пятница;2026-09-11 01:55:12;40, 41, 30, 32, 42, 20, 7;4.0;3.0
#72609110034;2026-09-11;Пятница;2026-09-11 01:58:48;1, 17, 7, 39, 14, 11, 19;4.0;3.0
#72609110035;2026-09-11;Пятница;2026-09-11 02:02:24;26, 20, 2, 11, 13, 6, 23;4.0;3.0
#72609110036;2026-09-11;Пятница;2026-09-11 02:06:00;26, 14, 11, 18, 38, 4, 5;5.0;2.0
#72609110037;2026-09-11;Пятница;2026-09-11 02:09:36;19, 36, 5, 3, 35, 16, 28;4.0;3.0
#72609110038;2026-09-11;Пятница;2026-09-11 02:13:12;32, 23, 22, 35, 2, 8, 9;4.0;3.0
#72609110039;2026-09-11;Пятница;2026-09-11 02:16:48;3, 15, 32, 14, 40, 9, 6;4.0;3.0
#72609110040;2026-09-11;Пятница;2026-09-11 02:20:24;37, 20, 3, 26, 33, 27, 21;2.0;5.0
#72609110041;2026-09-11;Пятница;2026-09-11 02:24:00;25, 21, 22, 5, 9, 7, 1;4.0;3.0
#72609110042;2026-09-11;Пятница;2026-09-11 02:27:36;7, 24, 5, 17, 13, 26, 25;2.0;5.0
#72609110043;2026-09-11;Пятница;2026-09-11 02:31:12;13, 36, 25, 5, 10, 35, 23;3.0;4.0
#72609110044;2026-09-11;Пятница;2026-09-11 02:34:48;20, 41, 38, 35, 34, 5, 15;2.0;5.0
#72609110045;2026-09-11;Пятница;2026-09-11 02:38:24;41, 25, 1, 6, 36, 15, 8;2.0;5.0
#72609110046;2026-09-11;Пятница;2026-09-11 02:42:00;11, 7, 27, 6, 29, 41, 14;4.0;3.0
#72609110047;2026-09-11;Пятница;2026-09-11 02:45:36;3, 21, 14, 35, 23, 5, 24;4.0;3.0
#72609110048;2026-09-11;Пятница;2026-09-11 02:49:12;29, 24, 22, 23, 38, 25, 33;4.0;3.0
#72609110049;2026-09-11;Пятница;2026-09-11 02:52:48;25, 33, 5, 2, 8, 18, 37;4.0;3.0
#72609110050;2026-09-11;Пятница;2026-09-11 02:56:24;19, 40, 20, 27, 6, 28, 8;4.0;3.0
#72609110051;2026-09-11;Пятница;2026-09-11 03:00:00;19, 5, 24, 41, 29, 26, 14;2.0;5.0
#72609110052;2026-09-11;Пятница;2026-09-11 03:03:36;38, 37, 11, 10, 25, 30, 15;4.0;3.0
#72609110053;2026-09-11;Пятница;2026-09-11 03:07:12;30, 39, 33, 28, 18, 4, 14;6.0;1.0
#72609110054;2026-09-11;Пятница;2026-09-11 03:10:48;2, 18, 12, 36, 32, 39, 10;2.0;5.0
#72609110055;2026-09-11;Пятница;2026-09-11 03:14:24;21, 28, 12, 1, 11, 35, 23;5.0;2.0
#72609110056;2026-09-11;Пятница;2026-09-11 03:18:00;27, 18, 8, 10, 40, 11, 31;4.0;3.0
#72609110057;2026-09-11;Пятница;2026-09-11 03:21:36;30, 31, 27, 26, 23, 4, 9;5.0;2.0
#72609110058;2026-09-11;Пятница;2026-09-11 03:25:12;3, 2, 24, 39, 9, 35, 15;3.0;4.0
#72609110059;2026-09-11;Пятница;2026-09-11 03:28:48;41, 32, 12, 10, 16, 9, 14;3.0;4.0
#72609110060;2026-09-11;Пятница;2026-09-11 03:32:24;28, 20, 23, 35, 33, 5, 2;5.0;2.0
#72609110061;2026-09-11;Пятница;2026-09-11 03:36:00;25, 5, 9, 20, 12, 4, 14;4.0;3.0
#72609110062;2026-09-11;Пятница;2026-09-11 03:39:36;3, 34, 41, 17, 26, 22, 38;1.0;6.0
#72609110063;2026-09-11;Пятница;2026-09-11 03:43:12;15, 35, 9, 34, 41, 13, 21;3.0;4.0
#72609110064;2026-09-11;Пятница;2026-09-11 03:46:48;22, 33, 36, 39, 30, 7, 31;4.0;3.0
#72609110065;2026-09-11;Пятница;2026-09-11 03:50:24;33, 31, 14, 10, 11, 21, 26;5.0;2.0
#72609110066;2026-09-11;Пятница;2026-09-11 03:54:00;39, 24, 9, 29, 42, 41, 34;2.0;5.0
#72609110067;2026-09-11;Пятница;2026-09-11 03:57:36;8, 26, 2, 32, 7, 34, 18;3.0;4.0
#72609110068;2026-09-11;Пятница;2026-09-11 04:01:12;38, 10, 7, 20, 37, 39, 12;2.0;5.0
#72609110069;2026-09-11;Пятница;2026-09-11 04:04:48;24, 25, 23, 22, 38, 20, 12;3.0;4.0
#72609110070;2026-09-11;Пятница;2026-09-11 04:08:24;20, 12, 29, 31, 22, 21, 6;3.0;4.0
#72609110071;2026-09-11;Пятница;2026-09-11 04:12:00;2, 14, 22, 10, 11, 7, 27;4.0;3.0
#72609110072;2026-09-11;Пятница;2026-09-11 04:15:36;25, 23, 12, 28, 15, 36, 34;3.0;4.0
#72609110073;2026-09-11;Пятница;2026-09-11 04:19:12;7, 39, 8, 42, 17, 3, 11;3.0;4.0
#72609110074;2026-09-11;Пятница;2026-09-11 04:22:48;17, 12, 27, 26, 32, 33, 7;2.0;5.0
#72609110075;2026-09-11;Пятница;2026-09-11 04:26:24;34, 3, 41, 17, 28, 21, 11;3.0;4.0
#72609110076;2026-09-11;Пятница;2026-09-11 04:30:00;37, 18, 6, 16, 41, 11, 23;5.0;2.0
#72609110077;2026-09-11;Пятница;2026-09-11 04:33:36;40, 32, 24, 37, 18, 21, 7;4.0;3.0
#72609110078;2026-09-11;Пятница;2026-09-11 04:37:12;40, 22, 14, 30, 29, 41, 5;3.0;4.0
#72609110079;2026-09-11;Пятница;2026-09-11 04:40:48;2, 6, 1, 3, 25, 26, 39;3.0;4.0
#72609110080;2026-09-11;Пятница;2026-09-11 04:44:24;34, 32, 19, 37, 41, 9, 36;2.0;5.0
#72609110081;2026-09-11;Пятница;2026-09-11 04:48:00;20, 7, 10, 38, 17, 25, 36;3.0;4.0
#72609110082;2026-09-11;Пятница;2026-09-11 04:51:36;20, 29, 9, 26, 11, 10, 28;3.0;4.0
#72609110083;2026-09-11;Пятница;2026-09-11 04:55:12;33, 14, 26, 18, 4, 35, 11;6.0;1.0
#72609110084;2026-09-11;Пятница;2026-09-11 04:58:48;ОТМЕНЕН;;
#72609110085;2026-09-11;Пятница;2026-09-11 05:02:24;31, 20, 39, 9, 38, 16, 23;5.0;2.0
#72609110086;2026-09-11;Пятница;2026-09-11 05:06:00;1, 31, 2, 12, 10, 19, 9;4.0;3.0
#72609110087;2026-09-11;Пятница;2026-09-11 05:09:36;1, 17, 5, 21, 15, 18, 30;3.0;4.0
#72609110088;2026-09-11;Пятница;2026-09-11 05:13:12;40, 13, 21, 30, 28, 26, 7;5.0;2.0
#72609110089;2026-09-11;Пятница;2026-09-11 05:16:48;13, 8, 18, 41, 32, 21, 15;2.0;5.0
#72609110090;2026-09-11;Пятница;2026-09-11 05:20:24;8, 30, 22, 7, 36, 29, 41;2.0;5.0
#72609110091;2026-09-11;Пятница;2026-09-11 05:24:00;14, 34, 37, 33, 18, 15, 35;4.0;3.0
#72609110092;2026-09-11;Пятница;2026-09-11 05:27:36;16, 35, 24, 10, 23, 5, 28;4.0;3.0
#72609110093;2026-09-11;Пятница;2026-09-11 05:31:12;2, 22, 36, 30, 27, 17, 24;2.0;5.0
#72609110094;2026-09-11;Пятница;2026-09-11 05:34:48;28, 29, 6, 23, 30, 9, 25;6.0;1.0
#72609110095;2026-09-11;Пятница;2026-09-11 05:38:24;1, 8, 6, 25, 42, 17, 4;4.0;3.0
#72609110096;2026-09-11;Пятница;2026-09-11 05:42:00;27, 28, 37, 14, 12, 2, 8;3.0;4.0
#72609110097;2026-09-11;Пятница;2026-09-11 05:45:36;20, 30, 27, 3, 42, 25, 32;3.0;4.0
#72609110098;2026-09-11;Пятница;2026-09-11 05:49:12;3, 28, 33, 9, 24, 20, 14;4.0;3.0
#72609110099;2026-09-11;Пятница;2026-09-11 05:52:48;21, 16, 5, 13, 15, 4, 30;4.0;3.0
#72609110100;2026-09-11;Пятница;2026-09-11 05:56:24;23, 31, 9, 20, 28, 17, 7;5.0;2.0
#72609110101;2026-09-11;Пятница;2026-09-11 06:00:00;16, 30, 23, 40, 38, 14, 12;6.0;1.0
#72609110102;2026-09-11;Пятница;2026-09-11 06:03:36;40, 5, 29, 2, 34, 36, 15;2.0;5.0
#72609110103;2026-09-11;Пятница;2026-09-11 06:07:12;17, 30, 16, 42, 38, 23, 28;6.0;1.0
#72609110104;2026-09-11;Пятница;2026-09-11 06:10:48;39, 24, 31, 10, 23, 6, 13;3.0;4.0
#72609110105;2026-09-11;Пятница;2026-09-11 06:14:24;18, 2, 6, 8, 12, 39, 4;4.0;3.0
#72609110106;2026-09-11;Пятница;2026-09-11 06:18:00;23, 39, 2, 40, 37, 35, 5;4.0;3.0
#72609110107;2026-09-11;Пятница;2026-09-11 06:21:36;35, 25, 27, 21, 23, 37, 8;4.0;3.0
#72609110108;2026-09-11;Пятница;2026-09-11 06:25:12;22, 40, 31, 30, 11, 23, 21;6.0;1.0
#72609110109;2026-09-11;Пятница;2026-09-11 06:28:48;25, 17, 11, 28, 33, 18, 16;6.0;1.0
#72609110110;2026-09-11;Пятница;2026-09-11 06:32:24;35, 8, 36, 40, 5, 6, 32;3.0;4.0
#72609110111;2026-09-11;Пятница;2026-09-11 06:36:00;10, 12, 5, 13, 22, 38, 21;2.0;5.0
#72609110112;2026-09-11;Пятница;2026-09-11 06:39:36;19, 18, 13, 42, 36, 39, 9;4.0;3.0
#72609110113;2026-09-11;Пятница;2026-09-11 06:43:12;13, 14, 38, 16, 31, 24, 15;4.0;3.0
#72609110114;2026-09-11;Пятница;2026-09-11 06:46:48;3, 19, 16, 20, 34, 15, 35;3.0;4.0
#72609110115;2026-09-11;Пятница;2026-09-11 06:50:24;37, 12, 17, 32, 34, 9, 5;1.0;6.0
#72609110116;2026-09-11;Пятница;2026-09-11 06:54:00;10, 13, 38, 19, 27, 29, 11;3.0;4.0
#72609110117;2026-09-11;Пятница;2026-09-11 06:57:36;5, 19, 21, 27, 6, 24, 37;3.0;4.0
#72609110118;2026-09-11;Пятница;2026-09-11 07:01:12;40, 37, 27, 25, 22, 23, 33;4.0;3.0
#72609110119;2026-09-11;Пятница;2026-09-11 07:04:48;34, 9, 1, 6, 18, 19, 25;5.0;2.0
#72609110120;2026-09-11;Пятница;2026-09-11 07:08:24;14, 27, 41, 5, 24, 37, 33;2.0;5.0
#72609110121;2026-09-11;Пятница;2026-09-11 07:12:00;15, 19, 18, 31, 7, 9, 16;6.0;1.0
#72609110122;2026-09-11;Пятница;2026-09-11 07:15:36;32, 39, 26, 15, 13, 19, 41;1.0;6.0
#72609110123;2026-09-11;Пятница;2026-09-11 07:19:12;14, 7, 31, 16, 38, 4, 37;6.0;1.0
#72609110124;2026-09-11;Пятница;2026-09-11 07:22:48;13, 10, 41, 24, 23, 21, 22;2.0;5.0
#72609110125;2026-09-11;Пятница;2026-09-11 07:26:24;28, 27, 18, 31, 35, 38, 6;6.0;1.0
#72609110126;2026-09-11;Пятница;2026-09-11 07:30:00;37, 8, 22, 10, 16, 19, 30;3.0;4.0
#72609110127;2026-09-11;Пятница;2026-09-11 07:33:36;16, 20, 22, 6, 34, 4, 29;3.0;4.0
#72609110128;2026-09-11;Пятница;2026-09-11 07:37:12;12, 29, 25, 15, 17, 11, 10;2.0;5.0
#72609110129;2026-09-11;Пятница;2026-09-11 07:40:48;3, 40, 41, 30, 34, 8, 21;3.0;4.0
#72609110130;2026-09-11;Пятница;2026-09-11 07:44:24;14, 13, 16, 20, 39, 18, 41;3.0;4.0
#72609110131;2026-09-11;Пятница;2026-09-11 07:48:00;8, 23, 3, 15, 4, 12, 39;2.0;5.0
#72609110132;2026-09-11;Пятница;2026-09-11 07:51:36;8, 32, 3, 18, 12, 11, 41;2.0;5.0
#72609110133;2026-09-11;Пятница;2026-09-11 07:55:12;30, 28, 9, 40, 4, 16, 1;6.0;1.0
#72609110134;2026-09-11;Пятница;2026-09-11 07:58:48;ОТМЕНЕН;;
#72609110135;2026-09-11;Пятница;2026-09-11 08:02:24;ОТМЕНЕН;;
#72609110136;2026-09-11;Пятница;2026-09-11 08:06:00;1, 39, 7, 42, 6, 2, 32;4.0;3.0
#72609110137;2026-09-11;Пятница;2026-09-11 08:09:36;20, 28, 33, 34, 36, 12, 30;3.0;4.0
#72609110138;2026-09-11;Пятница;2026-09-11 08:13:12;12, 34, 32, 4, 37, 30, 24;2.0;5.0
#72609110139;2026-09-11;Пятница;2026-09-11 08:16:48;41, 34, 1, 36, 22, 31, 17;1.0;6.0
#72609110140;2026-09-11;Пятница;2026-09-11 08:20:24;35, 37, 23, 21, 40, 3, 38;5.0;2.0
#72609110141;2026-09-11;Пятница;2026-09-11 08:24:00;25, 13, 9, 30, 19, 26, 12;4.0;3.0
#72609110142;2026-09-11;Пятница;2026-09-11 08:27:36;1, 7, 9, 18, 6, 8, 24;4.0;3.0
#72609110143;2026-09-11;Пятница;2026-09-11 08:31:12;16, 20, 18, 24, 5, 31, 25;4.0;3.0
#72609110144;2026-09-11;Пятница;2026-09-11 08:34:48;30, 40, 13, 39, 17, 23, 10;3.0;4.0
#72609110145;2026-09-11;Пятница;2026-09-11 08:38:24;8, 12, 34, 21, 31, 25, 15;3.0;4.0
#72609110146;2026-09-11;Пятница;2026-09-11 08:42:00;4, 10, 26, 39, 9, 21, 14;4.0;3.0
#72609110147;2026-09-11;Пятница;2026-09-11 08:45:36;23, 42, 40, 27, 18, 38, 8;5.0;2.0
#72609110148;2026-09-11;Пятница;2026-09-11 08:49:12;29, 33, 34, 27, 17, 11, 4;3.0;4.0
#72609110149;2026-09-11;Пятница;2026-09-11 08:52:48;22, 36, 13, 18, 2, 8, 39;2.0;5.0
#72609110150;2026-09-11;Пятница;2026-09-11 08:56:24;41, 7, 9, 29, 42, 35, 2;5.0;2.0
#72609110151;2026-09-11;Пятница;2026-09-11 09:00:00;32, 3, 15, 22, 21, 20, 25;2.0;5.0
#72609110152;2026-09-11;Пятница;2026-09-11 09:03:36;40, 22, 30, 11, 1, 5, 17;3.0;4.0
#72609110153;2026-09-11;Пятница;2026-09-11 09:07:12;15, 39, 3, 13, 9, 37, 17;1.0;6.0
#72609110154;2026-09-11;Пятница;2026-09-11 09:10:48;16, 27, 22, 28, 12, 20, 8;2.0;5.0
#72609110155;2026-09-11;Пятница;2026-09-11 09:14:24;22, 29, 10, 26, 25, 28, 8;2.0;5.0
#72609110156;2026-09-11;Пятница;2026-09-11 09:18:00;14, 11, 26, 13, 32, 16, 10;3.0;4.0
#72609110157;2026-09-11;Пятница;2026-09-11 09:21:36;22, 4, 37, 21, 27, 25, 9;4.0;3.0
#72609110158;2026-09-11;Пятница;2026-09-11 09:25:12;41, 38, 2, 42, 20, 11, 1;4.0;3.0
#72609110159;2026-09-11;Пятница;2026-09-11 09:28:48;38, 18, 22, 4, 31, 33, 34;5.0;2.0
#72609110160;2026-09-11;Пятница;2026-09-11 09:32:24;13, 28, 41, 21, 11, 25, 3;4.0;3.0
#72609110161;2026-09-11;Пятница;2026-09-11 09:36:00;26, 31, 2, 30, 9, 34, 7;5.0;2.0
#72609110162;2026-09-11;Пятница;2026-09-11 09:39:36;5, 11, 26, 13, 17, 42, 19;3.0;4.0
#72609110163;2026-09-11;Пятница;2026-09-11 09:43:12;23, 11, 37, 12, 31, 18, 38;5.0;2.0
#72609110164;2026-09-11;Пятница;2026-09-11 09:46:48;28, 10, 17, 14, 8, 20, 18;3.0;4.0
#72609110165;2026-09-11;Пятница;2026-09-11 09:50:24;2, 34, 11, 26, 13, 37, 15;2.0;5.0
#72609110166;2026-09-11;Пятница;2026-09-11 09:54:00;10, 12, 29, 30, 42, 4, 32;3.0;4.0
#72609110167;2026-09-11;Пятница;2026-09-11 09:57:36;42, 19, 1, 29, 40, 22, 5;3.0;4.0
#72609110168;2026-09-11;Пятница;2026-09-11 10:01:12;29, 38, 10, 33, 15, 27, 1;2.0;5.0
#72609110169;2026-09-11;Пятница;2026-09-11 10:04:48;7, 13, 1, 12, 4, 2, 20;3.0;4.0
#72609110170;2026-09-11;Пятница;2026-09-11 10:08:24;26, 15, 41, 13, 34, 19, 18;2.0;5.0
#72609110171;2026-09-11;Пятница;2026-09-11 10:12:00;22, 13, 12, 9, 17, 6, 5;2.0;5.0
#72609110172;2026-09-11;Пятница;2026-09-11 10:15:36;38, 6, 22, 16, 1, 12, 15;3.0;4.0
#72609110173;2026-09-11;Пятница;2026-09-11 10:19:12;29, 38, 30, 16, 20, 37, 31;4.0;3.0
#72609110174;2026-09-11;Пятница;2026-09-11 10:22:48;35, 16, 15, 14, 6, 12, 26;4.0;3.0
#72609110175;2026-09-11;Пятница;2026-09-11 10:26:24;42, 38, 29, 15, 6, 16, 2;5.0;2.0
#72609110176;2026-09-11;Пятница;2026-09-11 10:30:00;14, 1, 20, 13, 2, 11, 30;4.0;3.0
#72609110177;2026-09-11;Пятница;2026-09-11 10:33:36;13, 30, 38, 5, 34, 42, 8;3.0;4.0
#72609110178;2026-09-11;Пятница;2026-09-11 10:37:12;26, 41, 40, 24, 33, 36, 34;2.0;5.0
#72609110179;2026-09-11;Пятница;2026-09-11 10:40:48;4, 41, 1, 5, 19, 38, 11;4.0;3.0
#72609110180;2026-09-11;Пятница;2026-09-11 10:44:24;1, 6, 31, 36, 8, 9, 4;4.0;3.0
#72609110181;2026-09-11;Пятница;2026-09-11 10:48:00;21, 12, 42, 10, 9, 22, 20;3.0;4.0
#72609110182;2026-09-11;Пятница;2026-09-11 10:51:36;4, 18, 33, 38, 20, 7, 14;6.0;1.0
#72609110183;2026-09-11;Пятница;2026-09-11 10:55:12;36, 29, 21, 40, 27, 39, 3;2.0;5.0
#72609110184;2026-09-11;Пятница;2026-09-11 10:58:48;2, 34, 32, 6, 22, 40, 7;4.0;3.0
#72609110185;2026-09-11;Пятница;2026-09-11 11:02:24;14, 13, 5, 37, 35, 18, 30;4.0;3.0
#72609110186;2026-09-11;Пятница;2026-09-11 11:06:00;29, 19, 7, 5, 21, 41, 17;3.0;4.0
#72609110187;2026-09-11;Пятница;2026-09-11 11:09:36;29, 28, 36, 22, 40, 42, 20;3.0;4.0
#72609110188;2026-09-11;Пятница;2026-09-11 11:13:12;41, 16, 3, 40, 25, 38, 8;4.0;3.0
#72609110189;2026-09-11;Пятница;2026-09-11 11:16:48;27, 1, 12, 2, 31, 26, 22;2.0;5.0
#72609110190;2026-09-11;Пятница;2026-09-11 11:20:24;6, 37, 29, 17, 35, 19, 11;4.0;3.0
#72609110191;2026-09-11;Пятница;2026-09-11 11:24:00;13, 4, 32, 30, 41, 8, 18;3.0;4.0
#72609110192;2026-09-11;Пятница;2026-09-11 11:27:36;7, 21, 9, 17, 41, 40, 5;4.0;3.0
#72609110193;2026-09-11;Пятница;2026-09-11 11:31:12;4, 30, 22, 11, 39, 27, 8;3.0;4.0
#72609110194;2026-09-11;Пятница;2026-09-11 11:34:48;25, 23, 3, 5, 21, 34, 15;3.0;4.0
#72609110195;2026-09-11;Пятница;2026-09-11 11:38:24;21, 27, 6, 42, 32, 11, 13;4.0;3.0
#72609110196;2026-09-11;Пятница;2026-09-11 11:42:00;36, 4, 1, 26, 41, 13, 16;2.0;5.0
#72609110197;2026-09-11;Пятница;2026-09-11 11:45:36;31, 36, 10, 35, 41, 28, 11;4.0;3.0
#72609110198;2026-09-11;Пятница;2026-09-11 11:49:12;30, 11, 25, 34, 16, 22, 32;4.0;3.0
#72609110199;2026-09-11;Пятница;2026-09-11 11:52:48;18, 34, 32, 24, 4, 5, 29;2.0;5.0
#72609110200;2026-09-11;Пятница;2026-09-11 11:56:24;11, 18, 6, 20, 10, 21, 33;5.0;2.0
#72609110201;2026-09-11;Пятница;2026-09-11 12:00:00;11, 19, 18, 20, 9, 30, 15;5.0;2.0
#72609110202;2026-09-11;Пятница;2026-09-11 12:03:36;32, 24, 13, 40, 21, 16, 34;3.0;4.0
#72609110203;2026-09-11;Пятница;2026-09-11 12:07:12;7, 36, 6, 34, 27, 5, 13;2.0;5.0
#72609110204;2026-09-11;Пятница;2026-09-11 12:10:48;14, 33, 27, 32, 8, 23, 16;4.0;3.0
#72609110205;2026-09-11;Пятница;2026-09-11 12:14:24;10, 15, 22, 33, 35, 32, 29;2.0;5.0
#72609110206;2026-09-11;Пятница;2026-09-11 12:18:00;18, 11, 21, 25, 42, 4, 35;7.0;0.0
#72609110207;2026-09-11;Пятница;2026-09-11 12:21:36;37, 21, 1, 16, 36, 28, 15;3.0;4.0
#72609110208;2026-09-11;Пятница;2026-09-11 12:25:12;25, 33, 4, 28, 19, 10, 36;5.0;2.0
#72609110209;2026-09-11;Пятница;2026-09-11 12:28:48;20, 42, 23, 26, 7, 30, 5;4.0;3.0
#72609110210;2026-09-11;Пятница;2026-09-11 12:32:24;4, 31, 26, 1, 42, 20, 39;3.0;4.0
#72609110211;2026-09-11;Пятница;2026-09-11 12:36:00;22, 23, 30, 42, 7, 39, 19;5.0;2.0
#72609110212;2026-09-11;Пятница;2026-09-11 12:39:36;13, 26, 10, 2, 30, 3, 16;3.0;4.0
#72609110213;2026-09-11;Пятница;2026-09-11 12:43:12;35, 25, 30, 14, 20, 13, 9;5.0;2.0
#72609110214;2026-09-11;Пятница;2026-09-11 12:46:48;28, 26, 8, 36, 41, 1, 25;2.0;5.0
#72609110215;2026-09-11;Пятница;2026-09-11 12:50:24;29, 41, 17, 11, 18, 24, 9;3.0;4.0
#72609110216;2026-09-11;Пятница;2026-09-11 12:54:00;35, 20, 15, 14, 31, 17, 23;4.0;3.0
#72609110217;2026-09-11;Пятница;2026-09-11 12:57:36;13, 17, 33, 12, 24, 20, 10;1.0;6.0
#72609110218;2026-09-11;Пятница;2026-09-11 13:01:12;32, 35, 19, 4, 33, 20, 9;5.0;2.0
#72609110219;2026-09-11;Пятница;2026-09-11 13:04:48;37, 22, 3, 24, 26, 33, 16;2.0;5.0
#72609110220;2026-09-11;Пятница;2026-09-11 13:08:24;5, 27, 30, 29, 42, 24, 35;3.0;4.0
#72609110221;2026-09-11;Пятница;2026-09-11 13:12:00;18, 6, 40, 28, 26, 1, 19;5.0;2.0
#72609110222;2026-09-11;Пятница;2026-09-11 13:15:36;19, 9, 21, 1, 32, 22, 16;4.0;3.0
#72609110223;2026-09-11;Пятница;2026-09-11 13:19:12;8, 21, 40, 41, 29, 3, 33;3.0;4.0
#72609110224;2026-09-11;Пятница;2026-09-11 13:22:48;33, 36, 15, 2, 21, 26, 35;4.0;3.0
#72609110225;2026-09-11;Пятница;2026-09-11 13:26:24;2, 11, 1, 35, 3, 14, 38;5.0;2.0
#72609110226;2026-09-11;Пятница;2026-09-11 13:30:00;39, 29, 28, 38, 20, 7, 25;4.0;3.0
#72609110227;2026-09-11;Пятница;2026-09-11 13:33:36;29, 19, 9, 21, 13, 5, 26;3.0;4.0
#72609110228;2026-09-11;Пятница;2026-09-11 13:37:12;13, 20, 17, 24, 15, 27, 31;1.0;6.0
#72609110229;2026-09-11;Пятница;2026-09-11 13:40:48;4, 24, 8, 1, 33, 36, 37;2.0;5.0
#72609110230;2026-09-11;Пятница;2026-09-11 13:44:24;35, 2, 25, 24, 17, 16, 18;5.0;2.0
#72609110231;2026-09-11;Пятница;2026-09-11 13:48:00;30, 9, 10, 12, 11, 8, 24;3.0;4.0
#72609110232;2026-09-11;Пятница;2026-09-11 13:51:36;14, 37, 11, 23, 17, 25, 10;4.0;3.0
#72609110233;2026-09-11;Пятница;2026-09-11 13:55:12;17, 19, 5, 22, 18, 4, 40;4.0;3.0
#72609110234;2026-09-11;Пятница;2026-09-11 13:58:48;3, 23, 18, 34, 37, 2, 40;4.0;3.0
#72609110235;2026-09-11;Пятница;2026-09-11 14:02:24;19, 33, 21, 14, 34, 31, 23;6.0;1.0
#72609110236;2026-09-11;Пятница;2026-09-11 14:06:00;28, 7, 5, 20, 26, 42, 11;4.0;3.0
#72609110237;2026-09-11;Пятница;2026-09-11 14:09:36;2, 35, 41, 38, 10, 27, 18;4.0;3.0
#72609110238;2026-09-11;Пятница;2026-09-11 14:13:12;35, 1, 20, 24, 33, 26, 38;3.0;4.0
#72609110239;2026-09-11;Пятница;2026-09-11 14:16:48;41, 25, 7, 19, 1, 6, 24;4.0;3.0
#72609110240;2026-09-11;Пятница;2026-09-11 14:20:24;39, 25, 36, 2, 5, 42, 13;3.0;4.0
#72609110241;2026-09-11;Пятница;2026-09-11 14:24:00;24, 27, 14, 8, 36, 33, 38;3.0;4.0
#72609110242;2026-09-11;Пятница;2026-09-11 14:27:36;1, 25, 42, 8, 29, 3, 38;3.0;4.0
#72609110243;2026-09-11;Пятница;2026-09-11 14:31:12;7, 27, 37, 22, 1, 32, 17;1.0;6.0
#72609110244;2026-09-11;Пятница;2026-09-11 14:34:48;38, 15, 28, 19, 31, 23, 33;6.0;1.0
#72609110245;2026-09-11;Пятница;2026-09-11 14:38:24;14, 42, 31, 34, 7, 15, 33;5.0;2.0
#72609110246;2026-09-11;Пятница;2026-09-11 14:42:00;13, 33, 24, 1, 37, 32, 28;2.0;5.0
#72609110247;2026-09-11;Пятница;2026-09-11 14:45:36;26, 20, 32, 17, 30, 25, 8;2.0;5.0
#72609110248;2026-09-11;Пятница;2026-09-11 14:49:12;42, 13, 7, 4, 40, 12, 23;5.0;2.0
#72609110249;2026-09-11;Пятница;2026-09-11 14:52:48;16, 22, 1, 15, 5, 4, 37;2.0;5.0
#72609110250;2026-09-11;Пятница;2026-09-11 14:56:24;2, 38, 41, 9, 16, 21, 4;6.0;1.0
#72609110251;2026-09-11;Пятница;2026-09-11 15:00:00;18, 41, 21, 2, 27, 10, 26;3.0;4.0
#72609110252;2026-09-11;Пятница;2026-09-11 15:03:36;3, 18, 9, 41, 30, 21, 17;4.0;3.0
#72609110253;2026-09-11;Пятница;2026-09-11 15:07:12;3, 37, 11, 22, 38, 14, 27;3.0;4.0
#72609110254;2026-09-11;Пятница;2026-09-11 15:10:48;17, 27, 38, 4, 42, 11, 22;4.0;3.0
#72609110255;2026-09-11;Пятница;2026-09-11 15:14:24;5, 41, 29, 14, 34, 36, 2;2.0;5.0
#72609110256;2026-09-11;Пятница;2026-09-11 15:18:00;26, 34, 3, 29, 23, 30, 36;2.0;5.0
#72609110257;2026-09-11;Пятница;2026-09-11 15:21:36;16, 29, 14, 32, 19, 23, 27;4.0;3.0
#72609110258;2026-09-11;Пятница;2026-09-11 15:25:12;17, 40, 31, 7, 5, 9, 36;4.0;3.0
#72609110259;2026-09-11;Пятница;2026-09-11 15:28:48;38, 12, 35, 23, 40, 3, 20;4.0;3.0
#72609110260;2026-09-11;Пятница;2026-09-11 15:32:24;12, 1, 19, 40, 17, 24, 8;2.0;5.0
#72609110261;2026-09-11;Пятница;2026-09-11 15:36:00;35, 2, 41, 16, 27, 4, 39;4.0;3.0
#72609110262;2026-09-11;Пятница;2026-09-11 15:39:36;16, 4, 39, 12, 14, 1, 20;3.0;4.0
#72609110263;2026-09-11;Пятница;2026-09-11 15:43:12;29, 2, 7, 4, 13, 25, 1;4.0;3.0
#72609110264;2026-09-11;Пятница;2026-09-11 15:46:48;4, 25, 6, 29, 34, 18, 24;4.0;3.0
#72609110265;2026-09-11;Пятница;2026-09-11 15:50:24;29, 42, 3, 22, 28, 1, 30;3.0;4.0
#72609110266;2026-09-11;Пятница;2026-09-11 15:54:00;26, 42, 30, 27, 41, 18, 17;3.0;4.0
#72609110267;2026-09-11;Пятница;2026-09-11 15:57:36;6, 5, 26, 8, 7, 30, 13;3.0;4.0
#72609110268;2026-09-11;Пятница;2026-09-11 16:01:12;31, 23, 4, 16, 12, 15, 36;4.0;3.0
#72609110269;2026-09-11;Пятница;2026-09-11 16:04:48;40, 33, 37, 24, 32, 12, 22;2.0;5.0
#72609110270;2026-09-11;Пятница;2026-09-11 16:08:24;12, 39, 16, 9, 4, 32, 18;4.0;3.0
#72609110271;2026-09-11;Пятница;2026-09-11 16:12:00;31, 4, 13, 25, 15, 36, 17;3.0;4.0
#72609110272;2026-09-11;Пятница;2026-09-11 16:15:36;38, 5, 30, 10, 21, 23, 25;5.0;2.0
#72609110273;2026-09-11;Пятница;2026-09-11 16:19:12;38, 6, 21, 9, 12, 19, 35;6.0;1.0
#72609110274;2026-09-11;Пятница;2026-09-11 16:22:48;28, 33, 11, 37, 40, 39, 14;5.0;2.0
#72609110275;2026-09-11;Пятница;2026-09-11 16:26:24;27, 18, 23, 16, 35, 39, 11;5.0;2.0
#72609110276;2026-09-11;Пятница;2026-09-11 16:30:00;18, 31, 11, 42, 23, 2, 16;7.0;0.0
#72609110277;2026-09-11;Пятница;2026-09-11 16:33:36;17, 1, 42, 18, 22, 6, 35;4.0;3.0
#72609110278;2026-09-11;Пятница;2026-09-11 16:37:12;1, 31, 14, 3, 25, 36, 6;4.0;3.0
#72609110279;2026-09-11;Пятница;2026-09-11 16:40:48;4, 21, 19, 36, 29, 6, 26;4.0;3.0
#72609110280;2026-09-11;Пятница;2026-09-11 16:44:24;6, 40, 39, 9, 36, 23, 1;4.0;3.0
#72609110281;2026-09-11;Пятница;2026-09-11 16:48:00;23, 16, 22, 36, 35, 15, 17;3.0;4.0
#72609110282;2026-09-11;Пятница;2026-09-11 16:51:36;3, 24, 28, 30, 33, 4, 14;5.0;2.0
#72609110283;2026-09-11;Пятница;2026-09-11 16:55:12;2, 3, 36, 25, 16, 8, 24;3.0;4.0
#72609110284;2026-09-11;Пятница;2026-09-11 16:58:48;35, 29, 9, 11, 28, 42, 32;5.0;2.0
#72609110285;2026-09-11;Пятница;2026-09-11 17:02:24;42, 6, 24, 4, 37, 14, 22;4.0;3.0
#72609110286;2026-09-11;Пятница;2026-09-11 17:06:00;32, 6, 38, 9, 13, 30, 3;4.0;3.0
#72609110287;2026-09-11;Пятница;2026-09-11 17:09:36;32, 14, 9, 42, 39, 8, 31;4.0;3.0
#72609110288;2026-09-11;Пятница;2026-09-11 17:13:12;22, 5, 25, 41, 28, 12, 3;2.0;5.0
#72609110289;2026-09-11;Пятница;2026-09-11 17:16:48;3, 24, 35, 8, 20, 33, 11;3.0;4.0
#72609110290;2026-09-11;Пятница;2026-09-11 17:20:24;13, 4, 20, 42, 28, 15, 26;3.0;4.0
#72609110291;2026-09-11;Пятница;2026-09-11 17:24:00;30, 38, 40, 10, 1, 35, 31;5.0;2.0
#72609110292;2026-09-11;Пятница;2026-09-11 17:27:36;25, 32, 38, 5, 2, 29, 16;4.0;3.0
#72609110293;2026-09-11;Пятница;2026-09-11 17:31:12;27, 11, 40, 6, 42, 24, 8;4.0;3.0
#72609110294;2026-09-11;Пятница;2026-09-11 17:34:48;1, 26, 25, 5, 36, 3, 42;2.0;5.0
#72609110295;2026-09-11;Пятница;2026-09-11 17:38:24;39, 26, 4, 12, 29, 24, 27;1.0;6.0
#72609110296;2026-09-11;Пятница;2026-09-11 17:42:00;3, 38, 24, 30, 34, 31, 12;3.0;4.0
#72609110297;2026-09-11;Пятница;2026-09-11 17:45:36;23, 24, 40, 22, 32, 21, 31;4.0;3.0
#72609110298;2026-09-11;Пятница;2026-09-11 17:49:12;3, 27, 13, 1, 40, 5, 29;1.0;6.0
#72609110299;2026-09-11;Пятница;2026-09-11 17:52:48;2, 12, 24, 36, 17, 21, 8;2.0;5.0
#72609110300;2026-09-11;Пятница;2026-09-11 17:56:24;32, 23, 35, 27, 19, 24, 39;3.0;4.0
#72609110301;2026-09-11;Пятница;2026-09-11 18:00:00;19, 42, 25, 16, 1, 35, 2;6.0;1.0
#72609110302;2026-09-11;Пятница;2026-09-11 18:03:36;9, 1, 16, 23, 37, 5, 39;3.0;4.0
#72609110303;2026-09-11;Пятница;2026-09-11 18:07:12;29, 37, 27, 5, 42, 41, 36;1.0;6.0
#72609110304;2026-09-11;Пятница;2026-09-11 18:10:48;32, 4, 10, 11, 24, 3, 35;3.0;4.0
#72609110305;2026-09-11;Пятница;2026-09-11 18:14:24;4, 13, 12, 17, 36, 39, 27;1.0;6.0
#72609110306;2026-09-11;Пятница;2026-09-11 18:18:00;12, 13, 9, 17, 18, 33, 4;4.0;3.0
#72609110307;2026-09-11;Пятница;2026-09-11 18:21:36;32, 8, 33, 42, 40, 31, 5;4.0;3.0
#72609110308;2026-09-11;Пятница;2026-09-11 18:25:12;32, 31, 18, 35, 15, 26, 34;3.0;4.0
#72609110309;2026-09-11;Пятница;2026-09-11 18:28:48;18, 6, 11, 29, 35, 38, 21;6.0;1.0
#72609110310;2026-09-11;Пятница;2026-09-11 18:32:24;14, 18, 36, 39, 19, 34, 11;4.0;3.0
#72609110311;2026-09-11;Пятница;2026-09-11 18:36:00;13, 4, 35, 20, 11, 28, 25;5.0;2.0
#72609110312;2026-09-11;Пятница;2026-09-11 18:39:36;31, 24, 25, 14, 40, 33, 17;5.0;2.0
#72609110313;2026-09-11;Пятница;2026-09-11 18:43:12;22, 1, 16, 3, 23, 8, 32;2.0;5.0
#72609110314;2026-09-11;Пятница;2026-09-11 18:46:48;28, 35, 8, 15, 14, 4, 40;5.0;2.0
#72609110315;2026-09-11;Пятница;2026-09-11 18:50:24;14, 10, 26, 18, 7, 19, 17;4.0;3.0
#72609110316;2026-09-11;Пятница;2026-09-11 18:54:00;18, 7, 38, 25, 4, 22, 23;6.0;1.0
#72609110317;2026-09-11;Пятница;2026-09-11 18:57:36;7, 17, 22, 16, 29, 14, 10;3.0;4.0
#72609110318;2026-09-11;Пятница;2026-09-11 19:01:12;2, 25, 10, 37, 21, 13, 7;4.0;3.0
#72609110319;2026-09-11;Пятница;2026-09-11 19:04:48;10, 33, 38, 9, 26, 14, 17;4.0;3.0
#72609110320;2026-09-11;Пятница;2026-09-11 19:08:24;31, 18, 22, 33, 10, 15, 24;3.0;4.0
#72609110321;2026-09-11;Пятница;2026-09-11 19:12:00;17, 21, 3, 6, 2, 11, 10;4.0;3.0
#72609110322;2026-09-11;Пятница;2026-09-11 19:15:36;31, 28, 29, 14, 30, 32, 42;5.0;2.0
#72609110323;2026-09-11;Пятница;2026-09-11 19:19:12;4, 6, 13, 12, 30, 10, 3;3.0;4.0
#72609110324;2026-09-11;Пятница;2026-09-11 19:22:48;18, 41, 26, 29, 30, 34, 13;2.0;5.0
#72609110325;2026-09-11;Пятница;2026-09-11 19:26:24;24, 29, 36, 15, 26, 18, 21;2.0;5.0
#72609110326;2026-09-11;Пятница;2026-09-11 19:30:00;18, 22, 28, 16, 9, 23, 39;5.0;2.0
#72609110327;2026-09-11;Пятница;2026-09-11 19:33:36;3, 29, 37, 2, 35, 1, 34;2.0;5.0
#72609110328;2026-09-11;Пятница;2026-09-11 19:37:12;13, 17, 9, 2, 23, 20, 21;4.0;3.0
#72609110329;2026-09-11;Пятница;2026-09-11 19:40:48;30, 3, 10, 12, 17, 11, 19;3.0;4.0
#72609110330;2026-09-11;Пятница;2026-09-11 19:44:24;42, 8, 12, 3, 36, 20, 24;1.0;6.0
#72609110331;2026-09-11;Пятница;2026-09-11 19:48:00;27, 16, 26, 14, 31, 12, 38;4.0;3.0
#72609110332;2026-09-11;Пятница;2026-09-11 19:51:36;36, 33, 5, 37, 30, 32, 13;2.0;5.0
#72609110333;2026-09-11;Пятница;2026-09-11 19:55:12;5, 40, 32, 41, 17, 30, 27;2.0;5.0
#72609110334;2026-09-11;Пятница;2026-09-11 19:58:48;23, 34, 16, 30, 25, 4, 37;5.0;2.0
#72609110335;2026-09-11;Пятница;2026-09-11 20:02:24;30, 39, 19, 27, 33, 1, 9;4.0;3.0
#72609110336;2026-09-11;Пятница;2026-09-11 20:06:00;33, 25, 31, 24, 18, 36, 17;4.0;3.0
#72609110337;2026-09-11;Пятница;2026-09-11 20:09:36;37, 13, 2, 27, 30, 33, 15;3.0;4.0
#72609110338;2026-09-11;Пятница;2026-09-11 20:13:12;2, 10, 16, 26, 1, 28, 7;4.0;3.0
#72609120108;2026-09-12;Суббота;2026-09-12 06:25:12;30, 1, 9, 33, 39, 27, 34;3;4
#72609120109;2026-09-12;Суббота;2026-09-12 06:28:48;36, 34, 15, 13, 25, 31, 20;2;5
#72609120110;2026-09-12;Суббота;2026-09-12 06:32:24;23, 4, 22, 11, 27, 30, 18;5;2
#72609120111;2026-09-12;Суббота;2026-09-12 06:36:00;34, 5, 11, 29, 23, 15, 24;2;5
#72609120112;2026-09-12;Суббота;2026-09-12 06:39:36;5, 9, 11, 10, 31, 22, 38;4;3
#72609120113;2026-09-12;Суббота;2026-09-12 06:43:12;21, 38, 33, 37, 36, 34, 4;4;3
#72609120114;2026-09-12;Суббота;2026-09-12 06:46:48;22, 18, 7, 33, 9, 5, 6;5;2
#72609120115;2026-09-12;Суббота;2026-09-12 06:50:24;3, 42, 5, 29, 27, 39, 11;2;5
#72609120116;2026-09-12;Суббота;2026-09-12 06:54:00;32, 4, 7, 39, 24, 6, 38;4;3
#72609120117;2026-09-12;Суббота;2026-09-12 06:57:36;1, 13, 42, 21, 28, 11, 38;5;2
#72609120118;2026-09-12;Суббота;2026-09-12 07:01:12;27, 32, 37, 26, 10, 42, 21;2;5
#72609120119;2026-09-12;Суббота;2026-09-12 07:04:48;34, 22, 42, 14, 24, 2, 35;4;3
#72609120120;2026-09-12;Суббота;2026-09-12 07:08:24;13, 1, 25, 22, 42, 40, 24;3;4
#72609120121;2026-09-12;Суббота;2026-09-12 07:12:00;3, 12, 38, 37, 13, 20, 28;2;5
#72609120122;2026-09-12;Суббота;2026-09-12 07:15:36;28, 2, 42, 7, 21, 36, 8;5;2
#72609120123;2026-09-12;Суббота;2026-09-12 07:19:12;25, 36, 18, 19, 12, 23, 27;4;3
#72609120124;2026-09-12;Суббота;2026-09-12 07:22:48;41, 14, 32, 8, 13, 15, 20;1;6
#72609120125;2026-09-12;Суббота;2026-09-12 07:26:24;31, 6, 20, 13, 25, 33, 36;4;3
#72609120126;2026-09-12;Суббота;2026-09-12 07:30:00;13, 19, 17, 26, 28, 41, 20;2;5
#72609120127;2026-09-12;Суббота;2026-09-12 07:33:36;13, 5, 42, 37, 16, 38, 4;4;3
#72609120128;2026-09-12;Суббота;2026-09-12 07:37:12;10, 12, 19, 28, 8, 18, 22;3;4
#72609120129;2026-09-12;Суббота;2026-09-12 07:40:48;35, 1, 11, 25, 19, 14, 22;5;2
#72609120130;2026-09-12;Суббота;2026-09-12 07:44:24;16, 42, 26, 17, 1, 28, 10;3;4
#72609120131;2026-09-12;Суббота;2026-09-12 07:48:00;28, 33, 27, 34, 2, 17, 32;3;4
#72609120132;2026-09-12;Суббота;2026-09-12 07:51:36;41, 22, 40, 15, 1, 7, 25;3;4
#72609120133;2026-09-12;Суббота;2026-09-12 07:55:12;32, 29, 40, 10, 24, 28, 35;3;4
#72609120134;2026-09-12;Суббота;2026-09-12 07:58:48;24, 23, 17, 35, 27, 10, 12;2;5
#72609120135;2026-09-12;Суббота;2026-09-12 08:02:24;39, 31, 42, 8, 20, 5, 32;2;5
#72609120136;2026-09-12;Суббота;2026-09-12 08:06:00;7, 37, 11, 3, 12, 21, 9;4;3
#72609120137;2026-09-12;Суббота;2026-09-12 08:09:36;35, 37, 19, 7, 16, 25, 29;5;2
#72609120138;2026-09-12;Суббота;2026-09-12 08:13:12;7, 21, 8, 23, 6, 11, 31;6;1
#72609120139;2026-09-12;Суббота;2026-09-12 08:16:48;15, 13, 36, 18, 21, 9, 34;3;4
#72609120140;2026-09-12;Суббота;2026-09-12 08:20:24;16, 36, 37, 33, 39, 9, 2;4;3
#72609120141;2026-09-12;Суббота;2026-09-12 08:24:00;39, 15, 26, 27, 16, 6, 7;3;4
#72609120142;2026-09-12;Суббота;2026-09-12 08:27:36;18, 2, 9, 5, 41, 38, 4;5;2
#72609120143;2026-09-12;Суббота;2026-09-12 08:31:12;20, 38, 30, 19, 26, 17, 27;3;4
#72609120144;2026-09-12;Суббота;2026-09-12 08:34:48;33, 35, 29, 1, 8, 3, 17;2;5
#72609120145;2026-09-12;Суббота;2026-09-12 08:38:24;20, 25, 10, 4, 1, 39, 18;3;4
#72609120146;2026-09-12;Суббота;2026-09-12 08:42:00;25, 30, 31, 21, 14, 40, 18;7;0
#72609120147;2026-09-12;Суббота;2026-09-12 08:45:36;26, 17, 35, 7, 12, 20, 29;2;5
#72609120148;2026-09-12;Суббота;2026-09-12 08:49:12;29, 33, 39, 24, 1, 21, 15;2;5
#72609120149;2026-09-12;Суббота;2026-09-12 08:52:48;35, 7, 15, 25, 27, 8, 29;3;4
#72609120150;2026-09-12;Суббота;2026-09-12 08:56:24;5, 9, 29, 23, 4, 24, 38;4;3
#72609120151;2026-09-12;Суббота;2026-09-12 09:00:00;11, 40, 1, 24, 18, 39, 14;4;3
#72609120152;2026-09-12;Суббота;2026-09-12 09:03:36;9, 29, 4, 31, 18, 2, 16;6;1
#72609120153;2026-09-12;Суббота;2026-09-12 09:07:12;17, 23, 40, 30, 27, 32, 33;4;3
#72609120154;2026-09-12;Суббота;2026-09-12 09:10:48;17, 14, 24, 3, 10, 26, 20;1;6
#72609120155;2026-09-12;Суббота;2026-09-12 09:14:24;1, 19, 5, 14, 42, 27, 39;3;4
#72609120156;2026-09-12;Суббота;2026-09-12 09:18:00;27, 35, 31, 42, 17, 11, 15;4;3
#72609120157;2026-09-12;Суббота;2026-09-12 09:21:36;34, 40, 14, 39, 12, 28, 24;3;4
#72609120158;2026-09-12;Суббота;2026-09-12 09:25:12;3, 38, 35, 30, 37, 11, 34;4;3
#72609120159;2026-09-12;Суббота;2026-09-12 09:28:48;30, 29, 32, 19, 8, 6, 16;4;3
#72609120160;2026-09-12;Суббота;2026-09-12 09:32:24;23, 27, 6, 22, 18, 36, 3;3;4
#72609120161;2026-09-12;Суббота;2026-09-12 09:36:00;2, 41, 17, 11, 23, 16, 39;4;3
#72609120162;2026-09-12;Суббота;2026-09-12 09:39:36;11, 41, 29, 32, 12, 33, 8;2;5
#72609120163;2026-09-12;Суббота;2026-09-12 09:43:12;40, 26, 35, 38, 39, 41, 37;3;4
#72609120164;2026-09-12;Суббота;2026-09-12 09:46:48;18, 13, 19, 4, 31, 21, 7;6;1
#72609120165;2026-09-12;Суббота;2026-09-12 09:50:24;10, 22, 3, 12, 5, 11, 7;2;5
#72609120166;2026-09-12;Суббота;2026-09-12 09:54:00;4, 23, 3, 18, 9, 41, 7;5;2
#72609120167;2026-09-12;Суббота;2026-09-12 09:57:36;40, 7, 10, 23, 29, 22, 2;4;3
#72609120168;2026-09-12;Суббота;2026-09-12 10:01:12;28, 6, 1, 2, 25, 17, 39;4;3
#72609120169;2026-09-12;Суббота;2026-09-12 10:04:48;29, 25, 30, 18, 36, 13, 2;4;3
#72609120170;2026-09-12;Суббота;2026-09-12 10:08:24;6, 35, 25, 27, 18, 23, 9;6;1
#72609120171;2026-09-12;Суббота;2026-09-12 10:12:00;10, 7, 41, 30, 1, 14, 27;3;4
#72609120172;2026-09-12;Суббота;2026-09-12 10:15:36;33, 13, 39, 16, 42, 25, 5;4;3
#72609120173;2026-09-12;Суббота;2026-09-12 10:19:12;36, 11, 27, 9, 5, 16, 25;4;3
#72609120174;2026-09-12;Суббота;2026-09-12 10:22:48;1, 32, 30, 5, 41, 39, 40;2;5
#72609120175;2026-09-12;Суббота;2026-09-12 10:26:24;16, 4, 14, 8, 23, 42, 26;5;2
#72609120176;2026-09-12;Суббота;2026-09-12 10:30:00;23, 8, 25, 37, 34, 17, 2;3;4
#72609120177;2026-09-12;Суббота;2026-09-12 10:33:36;11, 19, 15, 5, 28, 20, 35;4;3
#72609120178;2026-09-12;Суббота;2026-09-12 10:37:12;41, 24, 35, 38, 26, 3, 15;2;5
#72609120179;2026-09-12;Суббота;2026-09-12 10:40:48;20, 8, 23, 41, 19, 17, 42;3;4
#72609120180;2026-09-12;Суббота;2026-09-12 10:44:24;15, 30, 26, 2, 17, 6, 37;3;4
#72609120181;2026-09-12;Суббота;2026-09-12 10:48:00;28, 39, 32, 30, 27, 19, 21;4;3
#72609120182;2026-09-12;Суббота;2026-09-12 10:51:36;1, 12, 35, 31, 8, 23, 16;4;3
#72609120183;2026-09-12;Суббота;2026-09-12 10:55:12;11, 13, 34, 18, 26, 42, 40;4;3
#72609120184;2026-09-12;Суббота;2026-09-12 10:58:48;31, 41, 13, 37, 40, 5, 42;3;4
#72609120185;2026-09-12;Суббота;2026-09-12 11:02:24;30, 2, 15, 26, 9, 17, 42;4;3
#72609120186;2026-09-12;Суббота;2026-09-12 11:06:00;34, 20, 17, 31, 37, 3, 30;2;5
#72609120187;2026-09-12;Суббота;2026-09-12 11:09:36;10, 6, 13, 25, 23, 5, 11;4;3
#72609120188;2026-09-12;Суббота;2026-09-12 11:13:12;34, 36, 26, 31, 18, 4, 30;4;3
#72609120189;2026-09-12;Суббота;2026-09-12 11:16:48;24, 37, 23, 14, 15, 38, 35;4;3
#72609120190;2026-09-12;Суббота;2026-09-12 11:20:24;5, 7, 20, 9, 13, 30, 40;4;3
#72609120191;2026-09-12;Суббота;2026-09-12 11:24:00;4, 21, 22, 37, 16, 24, 23;4;3
#72609120192;2026-09-12;Суббота;2026-09-12 11:27:36;22, 33, 11, 1, 8, 28, 31;4;3
#72609120193;2026-09-12;Суббота;2026-09-12 11:31:12;24, 32, 10, 20, 7, 15, 36;1;6
#72609120194;2026-09-12;Суббота;2026-09-12 11:34:48;35, 33, 25, 38, 15, 31, 2;6;1
#72609120195;2026-09-12;Суббота;2026-09-12 11:38:24;2, 19, 18, 24, 15, 4, 14;5;2
#72609120196;2026-09-12;Суббота;2026-09-12 11:42:00;12, 11, 8, 24, 20, 15, 14;2;5
#72609120197;2026-09-12;Суббота;2026-09-12 11:45:36;8, 2, 30, 3, 32, 18, 38;4;3
#72609120198;2026-09-12;Суббота;2026-09-12 11:49:12;16, 28, 37, 36, 20, 7, 12;3;4
#72609120199;2026-09-12;Суббота;2026-09-12 11:52:48;38, 27, 37, 8, 35, 10, 20;2;5
#72609120200;2026-09-12;Суббота;2026-09-12 11:56:24;3, 17, 39, 42, 20, 6, 10;2;5
#72609120201;2026-09-12;Суббота;2026-09-12 12:00:00;37, 13, 38, 17, 2, 25, 32;3;4
#72609120202;2026-09-12;Суббота;2026-09-12 12:03:36;3, 15, 41, 32, 6, 22, 7;2;5
#72609120203;2026-09-12;Суббота;2026-09-12 12:07:12;34, 16, 27, 2, 3, 39, 30;3;4
#72609120204;2026-09-12;Суббота;2026-09-12 12:10:48;42, 9, 23, 5, 1, 11, 4;5;2
#72609120205;2026-09-12;Суббота;2026-09-12 12:14:24;9, 29, 17, 30, 21, 3, 18;4;3
#72609120206;2026-09-12;Суббота;2026-09-12 12:18:00;10, 6, 22, 9, 31, 42, 13;4;3
#72609120207;2026-09-12;Суббота;2026-09-12 12:21:36;11, 4, 23, 15, 38, 3, 31;5;2
#72609120208;2026-09-12;Суббота;2026-09-12 12:25:12;23, 12, 22, 11, 18, 3, 1;3;4
#72609120209;2026-09-12;Суббота;2026-09-12 12:28:48;11, 15, 39, 9, 33, 41, 19;4;3
#72609120210;2026-09-12;Суббота;2026-09-12 12:32:24;30, 26, 31, 2, 37, 10, 8;3;4
#72609120211;2026-09-12;Суббота;2026-09-12 12:36:00;38, 16, 39, 14, 28, 35, 18;6;1
#72609120212;2026-09-12;Суббота;2026-09-12 12:39:36;34, 25, 24, 41, 26, 8, 2;2;5
#72609120213;2026-09-12;Суббота;2026-09-12 12:43:12;36, 41, 1, 12, 37, 17, 39;0;7
#72609120214;2026-09-12;Суббота;2026-09-12 12:46:48;29, 9, 39, 23, 37, 17, 14;3;4
#72609120215;2026-09-12;Суббота;2026-09-12 12:50:24;16, 28, 10, 32, 36, 37, 18;3;4
#72609120216;2026-09-12;Суббота;2026-09-12 12:54:00;41, 12, 40, 15, 35, 36, 16;3;4
#72609120217;2026-09-12;Суббота;2026-09-12 12:57:36;42, 33, 21, 37, 3, 22, 17;3;4
#72609120218;2026-09-12;Суббота;2026-09-12 13:01:12;5, 6, 29, 15, 13, 31, 8;2;5
#72609120219;2026-09-12;Суббота;2026-09-12 13:04:48;34, 31, 18, 7, 21, 39, 22;4;3
#72609120220;2026-09-12;Суббота;2026-09-12 13:08:24;5, 3, 30, 6, 14, 17, 39;3;4
#72609120221;2026-09-12;Суббота;2026-09-12 13:12:00;12, 13, 3, 7, 25, 30, 22;3;4
#72609120222;2026-09-12;Суббота;2026-09-12 13:15:36;25, 11, 4, 14, 18, 23, 38;7;0
#72609120223;2026-09-12;Суббота;2026-09-12 13:19:12;12, 11, 39, 32, 23, 15, 17;2;5
#72609120224;2026-09-12;Суббота;2026-09-12 13:22:48;16, 26, 13, 28, 29, 20, 14;3;4
#72609120225;2026-09-12;Суббота;2026-09-12 13:26:24;40, 36, 9, 20, 5, 24, 3;2;5
#72609120226;2026-09-12;Суббота;2026-09-12 13:30:00;3, 22, 29, 28, 1, 19, 8;2;5
#72609120227;2026-09-12;Суббота;2026-09-12 13:33:36;31, 9, 7, 25, 30, 24, 28;6;1
#72609120228;2026-09-12;Суббота;2026-09-12 13:37:12;1, 24, 36, 14, 5, 32, 31;2;5
#72609120229;2026-09-12;Суббота;2026-09-12 13:40:48;37, 1, 40, 42, 20, 19, 5;3;4
#72609120230;2026-09-12;Суббота;2026-09-12 13:44:24;18, 32, 29, 26, 17, 9, 20;2;5
#72609120231;2026-09-12;Суббота;2026-09-12 13:48:00;28, 9, 4, 37, 13, 39, 22;3;4
#72609120232;2026-09-12;Суббота;2026-09-12 13:51:36;12, 33, 34, 30, 8, 35, 26;3;4
#72609120233;2026-09-12;Суббота;2026-09-12 13:55:12;19, 30, 28, 15, 21, 24, 26;4;3
#72609120234;2026-09-12;Суббота;2026-09-12 13:58:48;7, 9, 35, 22, 2, 24, 38;5;2
#72609120235;2026-09-12;Суббота;2026-09-12 14:02:24;42, 31, 11, 27, 22, 20, 29;3;4
#72609120236;2026-09-12;Суббота;2026-09-12 14:06:00;5, 40, 23, 36, 31, 22, 42;4;3
#72609120237;2026-09-12;Суббота;2026-09-12 14:09:36;22, 23, 38, 34, 16, 4, 21;5;2
#72609120238;2026-09-12;Суббота;2026-09-12 14:13:12;9, 12, 31, 11, 35, 38, 20;5;2
#72609120239;2026-09-12;Суббота;2026-09-12 14:16:48;15, 27, 21, 24, 35, 34, 31;3;4
#72609120240;2026-09-12;Суббота;2026-09-12 14:20:24;6, 26, 25, 22, 3, 2, 42;4;3
#72609120241;2026-09-12;Суббота;2026-09-12 14:24:00;31, 32, 1, 26, 41, 19, 12;2;5
#72609120242;2026-09-12;Суббота;2026-09-12 14:27:36;6, 38, 2, 22, 24, 16, 28;5;2
#72609120243;2026-09-12;Суббота;2026-09-12 14:31:12;1, 5, 21, 12, 27, 16, 2;3;4
#72609120244;2026-09-12;Суббота;2026-09-12 14:34:48;1, 20, 40, 3, 13, 38, 24;2;5
#72609120245;2026-09-12;Суббота;2026-09-12 14:38:24;16, 31, 14, 32, 6, 39, 7;5;2
#72609120246;2026-09-12;Суббота;2026-09-12 14:42:00;42, 31, 11, 38, 30, 40, 33;7;0
#72609120247;2026-09-12;Суббота;2026-09-12 14:45:36;23, 19, 21, 31, 4, 35, 1;6;1
#72609120248;2026-09-12;Суббота;2026-09-12 14:49:12;14, 10, 33, 26, 15, 8, 27;2;5
#72609120249;2026-09-12;Суббота;2026-09-12 14:52:48;32, 5, 42, 37, 6, 15, 10;2;5
#72609120250;2026-09-12;Суббота;2026-09-12 14:56:24;31, 21, 14, 8, 27, 20, 26;3;4
#72609120251;2026-09-12;Суббота;2026-09-12 15:00:00;31, 3, 14, 19, 29, 6, 30;5;2
#72609120252;2026-09-12;Суббота;2026-09-12 15:03:36;34, 31, 2, 27, 24, 22, 30;3;4
#72609120253;2026-09-12;Суббота;2026-09-12 15:07:12;36, 11, 21, 19, 18, 29, 30;5;2
#72609120254;2026-09-12;Суббота;2026-09-12 15:10:48;11, 31, 14, 10, 36, 32, 2;4;3
#72609120255;2026-09-12;Суббота;2026-09-12 15:14:24;13, 36, 20, 10, 5, 37, 21;1;6
#72609120256;2026-09-12;Суббота;2026-09-12 15:18:00;4, 3, 8, 22, 16, 5, 11;3;4
#72609120257;2026-09-12;Суббота;2026-09-12 15:21:36;9, 28, 3, 15, 22, 25, 30;4;3
#72609120258;2026-09-12;Суббота;2026-09-12 15:25:12;32, 41, 22, 42, 10, 17, 29;1;6
#72609120259;2026-09-12;Суббота;2026-09-12 15:28:48;6, 27, 3, 28, 17, 23, 38;4;3
#72609120260;2026-09-12;Суббота;2026-09-12 15:32:24;42, 41, 4, 3, 13, 23, 34;3;4
#72609120261;2026-09-12;Суббота;2026-09-12 15:36:00;36, 21, 31, 30, 41, 15, 23;4;3
#72609120262;2026-09-12;Суббота;2026-09-12 15:39:36;23, 2, 27, 16, 31, 42, 28;6;1
#72609120263;2026-09-12;Суббота;2026-09-12 15:43:12;25, 32, 19, 18, 9, 10, 27;4;3
#72609120264;2026-09-12;Суббота;2026-09-12 15:46:48;38, 39, 19, 14, 13, 18, 22;4;3
#72609120265;2026-09-12;Суббота;2026-09-12 15:50:24;28, 23, 41, 7, 19, 8, 29;4;3
#72609120266;2026-09-12;Суббота;2026-09-12 15:54:00;4, 29, 28, 24, 33, 21, 38;5;2
#72609120267;2026-09-12;Суббота;2026-09-12 15:57:36;40, 36, 2, 12, 10, 37, 7;3;4
#72609120268;2026-09-12;Суббота;2026-09-12 16:01:12;1, 17, 14, 27, 31, 39, 25;3;4
#72609120269;2026-09-12;Суббота;2026-09-12 16:04:48;17, 15, 32, 26, 7, 3, 21;2;5
#72609120270;2026-09-12;Суббота;2026-09-12 16:08:24;3, 19, 21, 6, 28, 42, 20;5;2
#72609120271;2026-09-12;Суббота;2026-09-12 16:12:00;17, 26, 31, 10, 4, 41, 35;3;4
#72609120272;2026-09-12;Суббота;2026-09-12 16:15:36;39, 42, 9, 4, 10, 29, 20;3;4
#72609120273;2026-09-12;Суббота;2026-09-12 16:19:12;32, 31, 28, 6, 33, 34, 3;4;3
#72609120274;2026-09-12;Суббота;2026-09-12 16:22:48;20, 38, 1, 28, 13, 17, 4;3;4
#72609120275;2026-09-12;Суббота;2026-09-12 16:26:24;6, 4, 36, 39, 14, 41, 13;3;4
#72609120276;2026-09-12;Суббота;2026-09-12 16:30:00;37, 2, 10, 41, 35, 19, 28;4;3
#72609120277;2026-09-12;Суббота;2026-09-12 16:33:36;13, 29, 35, 34, 15, 24, 18;2;5
#72609120278;2026-09-12;Суббота;2026-09-12 16:37:12;27, 36, 41, 20, 33, 26, 22;1;6
#72609120279;2026-09-12;Суббота;2026-09-12 16:40:48;29, 34, 16, 12, 7, 20, 5;2;5
#72609120280;2026-09-12;Суббота;2026-09-12 16:44:24;2, 33, 32, 24, 31, 14, 37;4;3
#72609120281;2026-09-12;Суббота;2026-09-12 16:48:00;41, 33, 15, 4, 22, 40, 38;4;3
#72609120282;2026-09-12;Суббота;2026-09-12 16:51:36;30, 11, 34, 16, 24, 21, 28;5;2
#72609120283;2026-09-12;Суббота;2026-09-12 16:55:12;18, 41, 39, 22, 19, 3, 23;3;4
#72609120284;2026-09-12;Суббота;2026-09-12 16:58:48;31, 8, 14, 13, 20, 26, 22;2;5
#72609120285;2026-09-12;Суббота;2026-09-12 17:02:24;28, 9, 14, 7, 22, 39, 1;4;3
#72609120286;2026-09-12;Суббота;2026-09-12 17:06:00;36, 31, 19, 25, 14, 41, 8;4;3
#72609120287;2026-09-12;Суббота;2026-09-12 17:09:36;33, 24, 10, 28, 5, 38, 1;3;4
#72609120288;2026-09-12;Суббота;2026-09-12 17:13:12;40, 9, 28, 29, 24, 20, 42;4;3
#72609120289;2026-09-12;Суббота;2026-09-12 17:16:48;31, 15, 29, 5, 24, 9, 18;3;4
#72609120290;2026-09-12;Суббота;2026-09-12 17:20:24;15, 20, 11, 30, 23, 12, 24;3;4
#72609120291;2026-09-12;Суббота;2026-09-12 17:24:00;12, 2, 25, 10, 23, 30, 41;4;3
#72609120292;2026-09-12;Суббота;2026-09-12 17:27:36;35, 37, 19, 6, 32, 41, 38;4;3
#72609120293;2026-09-12;Суббота;2026-09-12 17:31:12;15, 6, 42, 24, 18, 13, 11;4;3
#72609120294;2026-09-12;Суббота;2026-09-12 17:34:48;18, 20, 41, 3, 32, 23, 38;3;4
#72609120295;2026-09-12;Суббота;2026-09-12 17:38:24;16, 3, 10, 37, 26, 23, 19;3;4
#72609120296;2026-09-12;Суббота;2026-09-12 17:42:00;40, 21, 6, 30, 34, 7, 12;5;2
#72609120297;2026-09-12;Суббота;2026-09-12 17:45:36;27, 14, 19, 17, 28, 1, 2;4;3
#72609120298;2026-09-12;Суббота;2026-09-12 17:49:12;1, 41, 10, 15, 22, 8, 37;0;7
#72609120299;2026-09-12;Суббота;2026-09-12 17:52:48;8, 15, 11, 27, 1, 26, 23;2;5
#72609120300;2026-09-12;Суббота;2026-09-12 17:56:24;29, 22, 30, 32, 33, 7, 1;3;4
#72609120301;2026-09-12;Суббота;2026-09-12 18:00:00;26, 14, 5, 17, 8, 33, 19;3;4
#72609120302;2026-09-12;Суббота;2026-09-12 18:03:36;14, 29, 3, 32, 41, 8, 18;2;5
#72609120303;2026-09-12;Суббота;2026-09-12 18:07:12;12, 13, 42, 23, 16, 36, 2;4;3
#72609120304;2026-09-12;Суббота;2026-09-12 18:10:48;7, 27, 26, 3, 32, 4, 37;2;5
#72609120305;2026-09-12;Суббота;2026-09-12 18:14:24;9, 13, 5, 35, 17, 28, 21;4;3
#72609120306;2026-09-12;Суббота;2026-09-12 18:18:00;12, 25, 19, 5, 40, 30, 39;4;3
#72609120307;2026-09-12;Суббота;2026-09-12 18:21:36;37, 34, 19, 10, 8, 23, 33;3;4
#72609120308;2026-09-12;Суббота;2026-09-12 18:25:12;23, 22, 29, 25, 30, 35, 13;4;3
#72609120309;2026-09-12;Суббота;2026-09-12 18:28:48;40, 14, 8, 42, 1, 35, 6;5;2
#72609120310;2026-09-12;Суббота;2026-09-12 18:32:24;6, 23, 27, 19, 21, 25, 8;5;2
#72609120311;2026-09-12;Суббота;2026-09-12 18:36:00;38, 34, 32, 18, 2, 6, 8;4;3
#72609120312;2026-09-12;Суббота;2026-09-12 18:39:36;15, 18, 25, 5, 30, 3, 19;4;3
#72609120313;2026-09-12;Суббота;2026-09-12 18:43:12;14, 9, 8, 32, 26, 39, 10;2;5
#72609120314;2026-09-12;Суббота;2026-09-12 18:46:48;21, 2, 18, 12, 24, 1, 25;4;3
#72609120315;2026-09-12;Суббота;2026-09-12 18:50:24;5, 36, 24, 23, 22, 9, 32;2;5
#72609120316;2026-09-12;Суббота;2026-09-12 18:54:00;16, 29, 12, 36, 9, 19, 39;3;4
#72609120317;2026-09-12;Суббота;2026-09-12 18:57:36;11, 17, 1, 39, 30, 6, 12;3;4
#72609120318;2026-09-12;Суббота;2026-09-12 19:01:12;28, 13, 27, 26, 19, 22, 24;2;5
#72609120319;2026-09-12;Суббота;2026-09-12 19:04:48;15, 25, 24, 26, 1, 4, 10;2;5
#72609120320;2026-09-12;Суббота;2026-09-12 19:08:24;25, 11, 14, 40, 34, 5, 39;4;3
#72609120321;2026-09-12;Суббота;2026-09-12 19:12:00;39, 31, 17, 19, 5, 8, 26;2;5
#72609120322;2026-09-12;Суббота;2026-09-12 19:15:36;5, 7, 19, 16, 38, 12, 24;4;3
#72609120323;2026-09-12;Суббота;2026-09-12 19:19:12;15, 11, 42, 39, 18, 16, 33;5;2
#72609120324;2026-09-12;Суббота;2026-09-12 19:22:48;12, 14, 38, 20, 1, 2, 27;3;4
#72609120325;2026-09-12;Суббота;2026-09-12 19:26:24;25, 5, 12, 34, 32, 9, 33;3;4
#72609120326;2026-09-12;Суббота;2026-09-12 19:30:00;33, 35, 27, 38, 23, 4, 10;5;2
#72609120327;2026-09-12;Суббота;2026-09-12 19:33:36;1, 22, 32, 28, 5, 34, 23;2;5
#72609120328;2026-09-12;Суббота;2026-09-12 19:37:12;31, 6, 10, 38, 4, 28, 11;6;1
#72609120329;2026-09-12;Суббота;2026-09-12 19:40:48;19, 33, 27, 30, 36, 1, 37;3;4
#72609120330;2026-09-12;Суббота;2026-09-12 19:44:24;8, 17, 34, 28, 39, 24, 19;2;5
#72609120331;2026-09-12;Суббота;2026-09-12 19:48:00;32, 19, 4, 11, 2, 22, 6;5;2
#72609120332;2026-09-12;Суббота;2026-09-12 19:51:36;19, 32, 6, 4, 13, 28, 27;4;3
#72609120333;2026-09-12;Суббота;2026-09-12 19:55:12;22, 5, 17, 26, 33, 23, 38;3;4
#72609120334;2026-09-12;Суббота;2026-09-12 19:58:48;36, 21, 2, 35, 23, 7, 34;5;2
#72609120335;2026-09-12;Суббота;2026-09-12 20:02:24;21, 29, 5, 19, 30, 18, 17;4;3
#72609120336;2026-09-12;Суббота;2026-09-12 20:06:00;25, 10, 13, 37, 2, 40, 1;3;4
#72609120337;2026-09-12;Суббота;2026-09-12 20:09:36;11, 8, 21, 5, 35, 30, 40;5;2
#72609120338;2026-09-12;Суббота;2026-09-12 20:13:12;38, 29, 4, 31, 41, 11, 24;4;3
#72609120339;2026-09-12;Суббота;2026-09-12 20:16:48;7, 42, 16, 27, 30, 38, 4;6;1
#72609120340;2026-09-12;Суббота;2026-09-12 20:20:24;40, 14, 13, 16, 25, 34, 41;4;3
#72609120341;2026-09-12;Суббота;2026-09-12 20:24:00;7, 19, 41, 10, 12, 2, 40;4;3
#72609120342;2026-09-12;Суббота;2026-09-12 20:27:36;36, 18, 4, 26, 12, 17, 14;3;4
#72609120343;2026-09-12;Суббота;2026-09-12 20:31:12;8, 41, 24, 37, 23, 35, 16;3;4
#72609120344;2026-09-12;Суббота;2026-09-12 20:34:48;10, 39, 35, 16, 9, 27, 32;3;4
#72609120345;2026-09-12;Суббота;2026-09-12 20:38:24;23, 34, 12, 9, 37, 17, 3;2;5
#72609120346;2026-09-12;Суббота;2026-09-12 20:42:00;37, 10, 18, 41, 21, 22, 28;3;4
#72609120347;2026-09-12;Суббота;2026-09-12 20:45:36;13, 33, 3, 1, 39, 14, 40;3;4
#72609120348;2026-09-12;Суббота;2026-09-12 20:49:12;6, 26, 35, 25, 13, 20, 42;4;3
#72609120349;2026-09-12;Суббота;2026-09-12 20:52:48;32, 6, 39, 22, 23, 27, 2;3;4
#72609120350;2026-09-12;Суббота;2026-09-12 20:56:24;6, 40, 1, 7, 23, 29, 9;5;2
#72609120351;2026-09-12;Суббота;2026-09-12 21:00:00;20, 9, 13, 28, 19, 38, 36;4;3
#72609120352;2026-09-12;Суббота;2026-09-12 21:03:36;19, 28, 32, 22, 36, 41, 29;2;5
#72609120353;2026-09-12;Суббота;2026-09-12 21:07:12;12, 18, 4, 15, 13, 41, 26;2;5
#72609120354;2026-09-12;Суббота;2026-09-12 21:10:48;12, 3, 23, 39, 24, 25, 4;3;4
#72609120355;2026-09-12;Суббота;2026-09-12 21:14:24;26, 27, 37, 8, 18, 33, 42;3;4
#72609120356;2026-09-12;Суббота;2026-09-12 21:18:00;19, 40, 32, 38, 36, 4, 3;4;3
#72609120357;2026-09-12;Суббота;2026-09-12 21:21:36;3, 31, 35, 36, 1, 38, 10;3;4
#72609120358;2026-09-12;Суббота;2026-09-12 21:25:12;33, 39, 36, 20, 15, 38, 3;2;5
#72609120359;2026-09-12;Суббота;2026-09-12 21:28:48;10, 35, 29, 40, 26, 14, 24;3;4
#72609120360;2026-09-12;Суббота;2026-09-12 21:32:24;21, 16, 32, 11, 19, 26, 25;5;2
#72609120361;2026-09-12;Суббота;2026-09-12 21:36:00;5, 29, 1, 23, 37, 7, 42;3;4
#72609120362;2026-09-12;Суббота;2026-09-12 21:39:36;38, 7, 41, 37, 15, 30, 3;3;4
#72609120363;2026-09-12;Суббота;2026-09-12 21:43:12;24, 2, 21, 10, 42, 35, 23;5;2
#72609120364;2026-09-12;Суббота;2026-09-12 21:46:48;20, 21, 36, 10, 28, 5, 1;2;5
#72609120365;2026-09-12;Суббота;2026-09-12 21:50:24;30, 38, 13, 24, 3, 6, 17;3;4
#72609120366;2026-09-12;Суббота;2026-09-12 21:54:00;32, 35, 26, 33, 17, 4, 23;4;3
#72609120367;2026-09-12;Суббота;2026-09-12 21:57:36;36, 29, 31, 33, 41, 22, 20;2;5
#72609120368;2026-09-12;Суббота;2026-09-12 22:01:12;26, 33, 6, 22, 15, 2, 5;3;4
#72609120369;2026-09-12;Суббота;2026-09-12 22:04:48;13, 35, 6, 36, 21, 33, 11;5;2
#72609120370;2026-09-12;Суббота;2026-09-12 22:08:24;23, 27, 24, 18, 38, 37, 29;3;4
#72609120371;2026-09-12;Суббота;2026-09-12 22:12:00;14, 25, 4, 26, 32, 13, 12;3;4
#72609120372;2026-09-12;Суббота;2026-09-12 22:15:36;17, 34, 33, 18, 22, 5, 38;3;4
#72609120373;2026-09-12;Суббота;2026-09-12 22:19:12;32, 16, 38, 4, 22, 13, 23;4;3
#72609120374;2026-09-12;Суббота;2026-09-12 22:22:48;17, 3, 25, 9, 18, 21, 1;4;3
#72609120375;2026-09-12;Суббота;2026-09-12 22:26:24;35, 5, 13, 9, 21, 1, 25;4;3
#72609120376;2026-09-12;Суббота;2026-09-12 22:30:00;41, 17, 4, 42, 28, 26, 29;3;4
#72609120377;2026-09-12;Суббота;2026-09-12 22:33:36;16, 25, 41, 2, 35, 39, 34;4;3
#72609120378;2026-09-12;Суббота;2026-09-12 22:37:12;13, 36, 9, 35, 31, 19, 38;5;2
#72609120379;2026-09-12;Суббота;2026-09-12 22:40:48;21, 28, 4, 24, 38, 20, 33;5;2
#72609120380;2026-09-12;Суббота;2026-09-12 22:44:24;12, 4, 37, 25, 39, 5, 1;2;5
#72609120381;2026-09-12;Суббота;2026-09-12 22:48:00;14, 8, 25, 20, 22, 31, 38;4;3
#72609120382;2026-09-12;Суббота;2026-09-12 22:51:36;2, 20, 34, 4, 10, 37, 39;2;5
#72609120383;2026-09-12;Суббота;2026-09-12 22:55:12;20, 36, 6, 26, 8, 33, 3;2;5
#72609120384;2026-09-12;Суббота;2026-09-12 22:58:48;23, 8, 24, 27, 14, 4, 35;4;3
#72609120385;2026-09-12;Суббота;2026-09-12 23:02:24;20, 10, 23, 34, 6, 26, 16;3;4
#72609120386;2026-09-12;Суббота;2026-09-12 23:06:00;16, 32, 38, 6, 21, 26, 29;4;3
#72609120387;2026-09-12;Суббота;2026-09-12 23:09:36;20, 15, 37, 19, 23, 33, 39;3;4
#72609130001;2026-09-13;Воскресенье;2026-09-13 00:00:00;10, 21, 2, 36, 35, 42, 3;4;3
#72609130002;2026-09-13;Воскресенье;2026-09-13 00:03:36;12, 18, 35, 11, 27, 22, 19;4;3
#72609130003;2026-09-13;Воскресенье;2026-09-13 00:07:12;2, 32, 40, 1, 35, 9, 26;4;3
#72609130004;2026-09-13;Воскресенье;2026-09-13 00:10:48;5, 16, 41, 37, 3, 35, 30;3;4
#72609130005;2026-09-13;Воскресенье;2026-09-13 00:14:24;33, 32, 12, 36, 19, 8, 40;3;4
#72609130006;2026-09-13;Воскресенье;2026-09-13 00:18:00;15, 41, 8, 11, 25, 10, 21;3;4
#72609130007;2026-09-13;Воскресенье;2026-09-13 00:21:36;34, 20, 29, 18, 22, 12, 28;2;5
#72609130008;2026-09-13;Воскресенье;2026-09-13 00:25:12;21, 40, 6, 2, 10, 41, 8;4;3
#72609130009;2026-09-13;Воскресенье;2026-09-13 00:28:48;1, 23, 38, 40, 18, 31, 11;6;1
#72609130010;2026-09-13;Воскресенье;2026-09-13 00:32:24;34, 42, 12, 35, 13, 11, 19;4;3
#72609130011;2026-09-13;Воскресенье;2026-09-13 00:36:00;37, 13, 4, 40, 26, 15, 18;3;4
#72609130012;2026-09-13;Воскресенье;2026-09-13 00:39:36;15, 4, 38, 13, 21, 36, 12;3;4
#72609130013;2026-09-13;Воскресенье;2026-09-13 00:43:12;27, 33, 39, 32, 37, 25, 23;3;4
#72609130014;2026-09-13;Воскресенье;2026-09-13 00:46:48;30, 6, 39, 16, 21, 42, 31;6;1
#72609130015;2026-09-13;Воскресенье;2026-09-13 00:50:24;38, 13, 27, 2, 4, 20, 41;3;4
#72609130016;2026-09-13;Воскресенье;2026-09-13 00:54:00;25, 22, 39, 26, 12, 7, 10;2;5
#72609130017;2026-09-13;Воскресенье;2026-09-13 00:57:36;9, 12, 42, 7, 5, 10, 25;4;3
#72609130018;2026-09-13;Воскресенье;2026-09-13 01:01:12;28, 6, 26, 11, 13, 8, 34;3;4
#72609130019;2026-09-13;Воскресенье;2026-09-13 01:04:48;4, 8, 21, 32, 31, 18, 7;5;2
#72609130020;2026-09-13;Воскресенье;2026-09-13 01:08:24;40, 13, 22, 15, 4, 20, 3;2;5
#72609130021;2026-09-13;Воскресенье;2026-09-13 01:12:00;3, 1, 29, 37, 38, 40, 27;2;5
#72609130022;2026-09-13;Воскресенье;2026-09-13 01:15:36;15, 27, 10, 35, 19, 31, 23;4;3
#72609130023;2026-09-13;Воскресенье;2026-09-13 01:19:12;25, 42, 19, 24, 32, 4, 2;5;2
#72609130024;2026-09-13;Воскресенье;2026-09-13 01:22:48;37, 12, 22, 31, 5, 7, 13;2;5
#72609130025;2026-09-13;Воскресенье;2026-09-13 01:26:24;6, 30, 13, 28, 14, 39, 33;5;2
#72609130026;2026-09-13;Воскресенье;2026-09-13 01:30:00;34, 15, 40, 28, 20, 24, 39;2;5
#72609130027;2026-09-13;Воскресенье;2026-09-13 01:33:36;9, 23, 1, 30, 3, 39, 19;4;3
#72609130028;2026-09-13;Воскресенье;2026-09-13 01:37:12;28, 34, 9, 1, 39, 26, 25;3;4
#72609130029;2026-09-13;Воскресенье;2026-09-13 01:40:48;28, 16, 34, 20, 2, 5, 42;4;3
#72609130030;2026-09-13;Воскресенье;2026-09-13 01:44:24;9, 15, 7, 18, 42, 16, 6;6;1
#72609130031;2026-09-13;Воскресенье;2026-09-13 01:48:00;40, 5, 28, 41, 6, 1, 19;4;3
#72609130032;2026-09-13;Воскресенье;2026-09-13 01:51:36;7, 39, 38, 15, 37, 30, 42;4;3
#72609130033;2026-09-13;Воскресенье;2026-09-13 01:55:12;30, 22, 27, 9, 24, 31, 23;4;3
#72609130034;2026-09-13;Воскресенье;2026-09-13 01:58:48;28, 14, 34, 11, 22, 18, 38;5;2
#72609130035;2026-09-13;Воскресенье;2026-09-13 02:02:24;36, 31, 26, 41, 4, 32, 33;3;4
#72609130036;2026-09-13;Воскресенье;2026-09-13 02:06:00;11, 1, 24, 17, 13, 16, 6;3;4
#72609130037;2026-09-13;Воскресенье;2026-09-13 02:09:36;42, 39, 30, 11, 37, 2, 10;4;3
#72609130038;2026-09-13;Воскресенье;2026-09-13 02:13:12;1, 3, 9, 32, 10, 31, 33;3;4
#72609130039;2026-09-13;Воскресенье;2026-09-13 02:16:48;4, 39, 1, 7, 40, 23, 8;4;3
#72609130040;2026-09-13;Воскресенье;2026-09-13 02:20:24;5, 40, 30, 12, 10, 9, 32;3;4
#72609130041;2026-09-13;Воскресенье;2026-09-13 02:24:00;2, 27, 21, 10, 42, 24, 31;4;3
#72609130042;2026-09-13;Воскресенье;2026-09-13 02:27:36;23, 18, 24, 21, 2, 40, 39;5;2
#72609130043;2026-09-13;Воскресенье;2026-09-13 02:31:12;24, 32, 15, 11, 12, 27, 38;2;5
#72609130044;2026-09-13;Воскресенье;2026-09-13 02:34:48;6, 39, 31, 13, 1, 26, 35;3;4
#72609130045;2026-09-13;Воскресенье;2026-09-13 02:38:24;38, 27, 35, 33, 32, 37, 2;4;3
#72609130046;2026-09-13;Воскресенье;2026-09-13 02:42:00;34, 28, 17, 22, 33, 20, 41;2;5
#72609130047;2026-09-13;Воскресенье;2026-09-13 02:45:36;31, 19, 10, 15, 39, 5, 27;2;5
#72609130048;2026-09-13;Воскресенье;2026-09-13 02:49:12;29, 32, 6, 2, 19, 7, 38;5;2
#72609130049;2026-09-13;Воскресенье;2026-09-13 02:52:48;23, 29, 5, 14, 33, 42, 4;5;2
#72609130050;2026-09-13;Воскресенье;2026-09-13 02:56:24;16, 27, 21, 7, 39, 28, 20;4;3
#72609130051;2026-09-13;Воскресенье;2026-09-13 03:00:00;32, 15, 39, 10, 41, 20, 25;1;6
#72609130052;2026-09-13;Воскресенье;2026-09-13 03:03:36;39, 3, 12, 6, 25, 35, 20;3;4
#72609130053;2026-09-13;Воскресенье;2026-09-13 03:07:12;40, 11, 8, 38, 32, 28, 33;5;2
#72609130054;2026-09-13;Воскресенье;2026-09-13 03:10:48;6, 24, 13, 35, 31, 23, 33;5;2
#72609130055;2026-09-13;Воскресенье;2026-09-13 03:14:24;15, 13, 35, 9, 36, 7, 11;4;3
#72609130056;2026-09-13;Воскресенье;2026-09-13 03:18:00;16, 12, 30, 40, 42, 22, 10;4;3
#72609130057;2026-09-13;Воскресенье;2026-09-13 03:21:36;11, 10, 33, 38, 4, 20, 24;4;3
#72609130058;2026-09-13;Воскресенье;2026-09-13 03:25:12;41, 22, 5, 35, 18, 4, 19;4;3
#72609130059;2026-09-13;Воскресенье;2026-09-13 03:28:48;11, 6, 40, 42, 10, 41, 3;4;3
#72609130060;2026-09-13;Воскресенье;2026-09-13 03:32:24;21, 28, 3, 27, 32, 9, 18;4;3
#72609130061;2026-09-13;Воскресенье;2026-09-13 03:36:00;15, 39, 10, 6, 12, 17, 2;2;5
#72609130062;2026-09-13;Воскресенье;2026-09-13 03:39:36;34, 20, 24, 3, 41, 13, 25;1;6
#72609130063;2026-09-13;Воскресенье;2026-09-13 03:43:12;2, 7, 3, 10, 6, 15, 32;3;4
#72609130064;2026-09-13;Воскресенье;2026-09-13 03:46:48;21, 19, 16, 25, 10, 15, 23;5;2
#72609130065;2026-09-13;Воскресенье;2026-09-13 03:50:24;6, 21, 34, 19, 13, 1, 26;3;4
#72609130066;2026-09-13;Воскресенье;2026-09-13 03:54:00;7, 13, 19, 36, 15, 16, 6;4;3
#72609130067;2026-09-13;Воскресенье;2026-09-13 03:57:36;18, 28, 16, 38, 20, 35, 3;5;2
#72609130068;2026-09-13;Воскресенье;2026-09-13 04:01:12;34, 8, 24, 3, 1, 29, 18;1;6
#72609130069;2026-09-13;Воскресенье;2026-09-13 04:04:48;25, 31, 39, 29, 40, 11, 13;4;3
#72609130070;2026-09-13;Воскресенье;2026-09-13 04:08:24;1, 22, 38, 11, 5, 30, 25;4;3
#72609130071;2026-09-13;Воскресенье;2026-09-13 04:12:00;32, 4, 31, 41, 40, 8, 24;3;4
#72609130072;2026-09-13;Воскресенье;2026-09-13 04:15:36;32, 29, 13, 17, 35, 42, 37;2;5
#72609130073;2026-09-13;Воскресенье;2026-09-13 04:19:12;6, 36, 37, 20, 24, 32, 26;1;6
#72609130074;2026-09-13;Воскресенье;2026-09-13 04:22:48;40, 26, 16, 27, 15, 22, 6;3;4
#72609130075;2026-09-13;Воскресенье;2026-09-13 04:26:24;23, 31, 1, 22, 24, 17, 25;3;4
#72609130076;2026-09-13;Воскресенье;2026-09-13 04:30:00;29, 13, 2, 6, 22, 31, 14;4;3
#72609130077;2026-09-13;Воскресенье;2026-09-13 04:33:36;3, 40, 11, 10, 23, 22, 7;4;3
#72609130078;2026-09-13;Воскресенье;2026-09-13 04:37:12;40, 34, 29, 13, 27, 2, 4;3;4
#72609130079;2026-09-13;Воскресенье;2026-09-13 04:40:48;22, 24, 12, 8, 27, 13, 18;1;6
#72609130080;2026-09-13;Воскресенье;2026-09-13 04:44:24;11, 28, 34, 19, 5, 12, 30;4;3
#72609130081;2026-09-13;Воскресенье;2026-09-13 04:48:00;21, 2, 27, 26, 25, 15, 41;3;4
#72609130082;2026-09-13;Воскресенье;2026-09-13 04:51:36;36, 33, 21, 37, 18, 30, 34;4;3
#72609130083;2026-09-13;Воскресенье;2026-09-13 04:55:12;33, 2, 38, 28, 8, 32, 4;5;2
#72609130084;2026-09-13;Воскресенье;2026-09-13 04:58:48;38, 12, 32, 14, 34, 27, 11;3;4
#72609130085;2026-09-13;Воскресенье;2026-09-13 05:02:24;14, 36, 20, 33, 34, 21, 5;3;4
#72609130086;2026-09-13;Воскресенье;2026-09-13 05:06:00;14, 38, 28, 24, 33, 12, 19;5;2
#72609130087;2026-09-13;Воскресенье;2026-09-13 05:09:36;24, 22, 34, 19, 9, 17, 29;2;5
#72609130088;2026-09-13;Воскресенье;2026-09-13 05:13:12;28, 7, 31, 11, 25, 16, 27;6;1
#72609130089;2026-09-13;Воскресенье;2026-09-13 05:16:48;3, 38, 35, 28, 12, 4, 9;5;2
#72609130090;2026-09-13;Воскресенье;2026-09-13 05:20:24;20, 9, 18, 36, 23, 32, 31;4;3
#72609130091;2026-09-13;Воскресенье;2026-09-13 05:24:00;21, 42, 19, 20, 41, 5, 18;4;3
#72609130092;2026-09-13;Воскресенье;2026-09-13 05:27:36;11, 1, 8, 26, 25, 37, 35;3;4
#72609130093;2026-09-13;Воскресенье;2026-09-13 05:31:12;12, 9, 16, 18, 41, 1, 5;3;4
#72609130094;2026-09-13;Воскресенье;2026-09-13 05:34:48;36, 38, 41, 34, 23, 31, 2;4;3
#72609130095;2026-09-13;Воскресенье;2026-09-13 05:38:24;36, 2, 30, 7, 24, 10, 13;3;4
#72609130096;2026-09-13;Воскресенье;2026-09-13 05:42:00;11, 38, 30, 1, 41, 7, 12;4;3
#72609130097;2026-09-13;Воскресенье;2026-09-13 05:45:36;31, 7, 24, 15, 41, 40, 38;4;3
#72609130098;2026-09-13;Воскресенье;2026-09-13 05:49:12;24, 41, 10, 18, 4, 30, 20;3;4
#72609130099;2026-09-13;Воскресенье;2026-09-13 05:52:48;37, 15, 6, 20, 4, 10, 33;3;4
#72609130100;2026-09-13;Воскресенье;2026-09-13 05:56:24;2, 26, 4, 15, 21, 8, 23;4;3
#72609130101;2026-09-13;Воскресенье;2026-09-13 06:00:00;38, 18, 28, 36, 12, 35, 14;5;2
#72609130102;2026-09-13;Воскресенье;2026-09-13 06:03:36;38, 2, 5, 33, 15, 39, 28;4;3
#72609130103;2026-09-13;Воскресенье;2026-09-13 06:07:12;12, 29, 30, 35, 1, 8, 7;3;4
#72609130104;2026-09-13;Воскресенье;2026-09-13 06:10:48;6, 9, 14, 24, 41, 2, 23;5;2
#72609130105;2026-09-13;Воскресенье;2026-09-13 06:14:24;27, 8, 22, 39, 17, 5, 34;0;7
#72609130106;2026-09-13;Воскресенье;2026-09-13 06:18:00;25, 6, 32, 14, 29, 2, 33;5;2
#72609130107;2026-09-13;Воскресенье;2026-09-13 06:21:36;11, 31, 34, 22, 10, 20, 7;3;4
#72609130108;2026-09-13;Воскресенье;2026-09-13 06:25:12;10, 38, 36, 4, 21, 37, 12;3;4
#72609130109;2026-09-13;Воскресенье;2026-09-13 06:28:48;9, 19, 36, 5, 24, 41, 18;3;4
#72609130110;2026-09-13;Воскресенье;2026-09-13 06:32:24;23, 15, 27, 24, 39, 30, 10;2;5
#72609130111;2026-09-13;Воскресенье;2026-09-13 06:36:00;38, 35, 33, 16, 17, 18, 4;6;1
#72609130112;2026-09-13;Воскресенье;2026-09-13 06:39:36;26, 30, 27, 32, 31, 36, 1;2;5
#72609130113;2026-09-13;Воскресенье;2026-09-13 06:43:12;33, 14, 3, 2, 41, 38, 15;4;3
#72609130114;2026-09-13;Воскресенье;2026-09-13 06:46:48;17, 2, 36, 9, 16, 11, 1;4;3
#72609130115;2026-09-13;Воскресенье;2026-09-13 06:50:24;29, 15, 41, 16, 30, 37, 40;3;4
#72609130116;2026-09-13;Воскресенье;2026-09-13 06:54:00;29, 17, 36, 15, 24, 9, 38;2;5
#72609130117;2026-09-13;Воскресенье;2026-09-13 06:57:36;24, 17, 30, 19, 31, 25, 11;5;2
#72609130118;2026-09-13;Воскресенье;2026-09-13 07:01:12;29, 19, 39, 35, 13, 20, 28;3;4
#72609130119;2026-09-13;Воскресенье;2026-09-13 07:04:48;12, 18, 38, 35, 21, 34, 7;5;2
#72609130120;2026-09-13;Воскресенье;2026-09-13 07:08:24;33, 18, 27, 30, 31, 8, 37;4;3
#72609130121;2026-09-13;Воскресенье;2026-09-13 07:12:00;30, 29, 2, 27, 17, 38, 18;4;3
#72609130122;2026-09-13;Воскресенье;2026-09-13 07:15:36;39, 27, 30, 20, 2, 11, 19;4;3
#72609130123;2026-09-13;Воскресенье;2026-09-13 07:19:12;26, 28, 13, 1, 37, 41, 14;2;5
#72609130124;2026-09-13;Воскресенье;2026-09-13 07:22:48;15, 8, 21, 32, 13, 23, 39;2;5
#72609130125;2026-09-13;Воскресенье;2026-09-13 07:26:24;38, 5, 17, 23, 18, 35, 11;5;2
#72609130126;2026-09-13;Воскресенье;2026-09-13 07:30:00;2, 20, 25, 32, 28, 12, 26;3;4
#72609130127;2026-09-13;Воскресенье;2026-09-13 07:33:36;27, 42, 4, 20, 25, 32, 7;4;3
#72609130128;2026-09-13;Воскресенье;2026-09-13 07:37:12;16, 28, 26, 31, 3, 24, 10;3;4
#72609130129;2026-09-13;Воскресенье;2026-09-13 07:40:48;36, 10, 2, 26, 39, 1, 33;2;5
#72609130130;2026-09-13;Воскресенье;2026-09-13 07:44:24;38, 7, 33, 27, 5, 19, 25;5;2
#72609130131;2026-09-13;Воскресенье;2026-09-13 07:48:00;28, 17, 33, 5, 11, 36, 4;4;3
#72609130132;2026-09-13;Воскресенье;2026-09-13 07:51:36;3, 12, 18, 10, 38, 40, 17;3;4
#72609130133;2026-09-13;Воскресенье;2026-09-13 07:55:12;2, 4, 42, 10, 15, 11, 21;5;2
#72609130134;2026-09-13;Воскресенье;2026-09-13 07:58:48;35, 10, 28, 41, 38, 14, 12;4;3
#72609130135;2026-09-13;Воскресенье;2026-09-13 08:02:24;35, 2, 29, 16, 19, 37, 41;4;3
#72609130136;2026-09-13;Воскресенье;2026-09-13 08:06:00;3, 5, 22, 39, 7, 20, 14;2;5
#72609130137;2026-09-13;Воскресенье;2026-09-13 08:09:36;1, 10, 8, 6, 38, 17, 22;2;5
#72609130138;2026-09-13;Воскресенье;2026-09-13 08:13:12;5, 38, 19, 6, 34, 20, 29;3;4
#72609130139;2026-09-13;Воскресенье;2026-09-13 08:16:48;18, 11, 10, 9, 38, 21, 32;5;2
#72609130140;2026-09-13;Воскресенье;2026-09-13 08:20:24;15, 1, 37, 20, 2, 23, 40;3;4
#72609130141;2026-09-13;Воскресенье;2026-09-13 08:24:00;23, 18, 24, 1, 35, 31, 15;4;3
#72609130142;2026-09-13;Воскресенье;2026-09-13 08:27:36;39, 22, 4, 35, 11, 36, 7;4;3
#72609130143;2026-09-13;Воскресенье;2026-09-13 08:31:12;17, 22, 31, 35, 36, 39, 21;3;4
#72609130144;2026-09-13;Воскресенье;2026-09-13 08:34:48;35, 3, 42, 38, 10, 17, 18;4;3
#72609130145;2026-09-13;Воскресенье;2026-09-13 08:38:24;20, 27, 26, 7, 22, 15, 16;2;5
#72609130146;2026-09-13;Воскресенье;2026-09-13 08:42:00;23, 31, 5, 13, 24, 16, 20;3;4
#72609130147;2026-09-13;Воскресенье;2026-09-13 08:45:36;7, 12, 18, 11, 6, 41, 20;4;3
#72609130148;2026-09-13;Воскресенье;2026-09-13 08:49:12;36, 13, 12, 23, 1, 32, 15;1;6
#72609130149;2026-09-13;Воскресенье;2026-09-13 08:52:48;27, 3, 7, 12, 9, 39, 10;2;5
#72609130150;2026-09-13;Воскресенье;2026-09-13 08:56:24;26, 4, 24, 16, 3, 7, 18;4;3
#72609130151;2026-09-13;Воскресенье;2026-09-13 09:00:00;3, 25, 34, 39, 5, 37, 30;2;5
#72609130152;2026-09-13;Воскресенье;2026-09-13 09:03:36;23, 19, 22, 33, 1, 25, 37;4;3
#72609130153;2026-09-13;Воскресенье;2026-09-13 09:07:12;3, 27, 10, 29, 37, 11, 16;2;5
#72609130154;2026-09-13;Воскресенье;2026-09-13 09:10:48;39, 41, 37, 35, 32, 2, 24;2;5
#72609130155;2026-09-13;Воскресенье;2026-09-13 09:14:24;15, 5, 7, 31, 4, 14, 16;5;2
#72609130156;2026-09-13;Воскресенье;2026-09-13 09:18:00;6, 11, 23, 27, 17, 40, 9;5;2
#72609130157;2026-09-13;Воскресенье;2026-09-13 09:21:36;19, 29, 24, 31, 15, 8, 41;2;5
#72609130158;2026-09-13;Воскресенье;2026-09-13 09:25:12;30, 19, 29, 4, 3, 11, 22;4;3
#72609130159;2026-09-13;Воскресенье;2026-09-13 09:28:48;26, 35, 10, 22, 19, 11, 4;4;3
#72609130160;2026-09-13;Воскресенье;2026-09-13 09:32:24;27, 13, 36, 20, 2, 9, 18;3;4
#72609130161;2026-09-13;Воскресенье;2026-09-13 09:36:00;13, 3, 33, 28, 32, 6, 27;3;4
#72609130162;2026-09-13;Воскресенье;2026-09-13 09:39:36;20, 35, 22, 21, 36, 38, 19;4;3
#72609130163;2026-09-13;Воскресенье;2026-09-13 09:43:12;9, 36, 39, 19, 40, 4, 24;4;3
#72609130164;2026-09-13;Воскресенье;2026-09-13 09:46:48;10, 12, 5, 23, 30, 1, 19;3;4
#72609130165;2026-09-13;Воскресенье;2026-09-13 09:50:24;39, 36, 26, 6, 29, 25, 23;3;4
#72609130166;2026-09-13;Воскресенье;2026-09-13 09:54:00;13, 30, 21, 20, 16, 39, 3;3;4
#72609130167;2026-09-13;Воскресенье;2026-09-13 09:57:36;8, 2, 15, 30, 13, 22, 18;3;4
#72609130168;2026-09-13;Воскресенье;2026-09-13 10:01:12;7, 6, 33, 20, 38, 24, 16;5;2
#72609130169;2026-09-13;Воскресенье;2026-09-13 10:04:48;6, 20, 3, 24, 41, 4, 26;2;5
#72609130170;2026-09-13;Воскресенье;2026-09-13 10:08:24;28, 34, 23, 1, 5, 42, 14;4;3
#72609130171;2026-09-13;Воскресенье;2026-09-13 10:12:00;27, 39, 15, 19, 40, 20, 35;3;4
#72609130172;2026-09-13;Воскресенье;2026-09-13 10:15:36;38, 25, 5, 14, 36, 34, 11;4;3
#72609130173;2026-09-13;Воскресенье;2026-09-13 10:19:12;21, 13, 41, 37, 3, 26, 23;2;5
#72609130174;2026-09-13;Воскресенье;2026-09-13 10:22:48;8, 26, 17, 16, 20, 14, 12;2;5
#72609130175;2026-09-13;Воскресенье;2026-09-13 10:26:24;41, 19, 9, 13, 40, 31, 14;5;2
#72609130176;2026-09-13;Воскресенье;2026-09-13 10:30:00;8, 40, 29, 30, 31, 32, 12;3;4
#72609130177;2026-09-13;Воскресенье;2026-09-13 10:33:36;4, 23, 20, 40, 3, 37, 5;3;4
#72609130178;2026-09-13;Воскресенье;2026-09-13 10:37:12;34, 27, 18, 1, 15, 21, 3;2;5
#72609130179;2026-09-13;Воскресенье;2026-09-13 10:40:48;41, 31, 36, 17, 35, 27, 6;3;4
#72609130180;2026-09-13;Воскресенье;2026-09-13 10:44:24;39, 5, 28, 33, 23, 3, 34;3;4
#72609130181;2026-09-13;Воскресенье;2026-09-13 10:48:00;13, 20, 35, 7, 31, 10, 8;3;4
#72609130182;2026-09-13;Воскресенье;2026-09-13 10:51:36;4, 34, 25, 36, 17, 8, 22;2;5
#72609130183;2026-09-13;Воскресенье;2026-09-13 10:55:12;21, 35, 19, 18, 42, 5, 30;6;1
#72609130184;2026-09-13;Воскресенье;2026-09-13 10:58:48;33, 6, 3, 21, 32, 35, 5;4;3
#72609130185;2026-09-13;Воскресенье;2026-09-13 11:02:24;16, 42, 9, 22, 24, 5, 41;3;4
#72609130186;2026-09-13;Воскресенье;2026-09-13 11:06:00;14, 6, 27, 10, 23, 17, 33;4;3
#72609130187;2026-09-13;Воскресенье;2026-09-13 11:09:36;33, 38, 10, 12, 26, 28, 15;3;4
#72609130188;2026-09-13;Воскресенье;2026-09-13 11:13:12;42, 10, 41, 24, 18, 14, 15;3;4
#72609130189;2026-09-13;Воскресенье;2026-09-13 11:16:48;32, 14, 11, 9, 42, 5, 8;4;3
#72609130190;2026-09-13;Воскресенье;2026-09-13 11:20:24;10, 40, 16, 39, 33, 12, 31;4;3
#72609130191;2026-09-13;Воскресенье;2026-09-13 11:24:00;14, 31, 12, 9, 22, 32, 3;3;4
#72609130192;2026-09-13;Воскресенье;2026-09-13 11:27:36;22, 14, 13, 18, 5, 25, 1;3;4
#72609130193;2026-09-13;Воскресенье;2026-09-13 11:31:12;29, 6, 5, 32, 27, 18, 19;3;4
#72609130194;2026-09-13;Воскресенье;2026-09-13 11:34:48;11, 42, 12, 13, 7, 27, 41;3;4
#72609130195;2026-09-13;Воскресенье;2026-09-13 11:38:24;39, 38, 27, 8, 25, 19, 3;3;4
#72609130196;2026-09-13;Воскресенье;2026-09-13 11:42:00;39, 5, 20, 38, 2, 23, 29;3;4
#72609130197;2026-09-13;Воскресенье;2026-09-13 11:45:36;6, 1, 8, 10, 11, 35, 40;4;3
#72609130198;2026-09-13;Воскресенье;2026-09-13 11:49:12;29, 36, 27, 35, 20, 16, 1;2;5
#72609130199;2026-09-13;Воскресенье;2026-09-13 11:52:48;33, 40, 35, 24, 27, 39, 23;4;3
#72609130200;2026-09-13;Воскресенье;2026-09-13 11:56:24;27, 28, 37, 30, 8, 10, 40;3;4
#72609130201;2026-09-13;Воскресенье;2026-09-13 12:00:00;2, 29, 24, 13, 33, 26, 21;3;4
#72609130202;2026-09-13;Воскресенье;2026-09-13 12:03:36;19, 5, 23, 34, 37, 6, 12;3;4
#72609130203;2026-09-13;Воскресенье;2026-09-13 12:07:12;18, 35, 8, 6, 14, 12, 13;4;3
#72609130204;2026-09-13;Воскресенье;2026-09-13 12:10:48;26, 17, 35, 33, 32, 4, 31;4;3
#72609130205;2026-09-13;Воскресенье;2026-09-13 12:14:24;40, 16, 8, 23, 4, 27, 36;4;3
#72609130206;2026-09-13;Воскресенье;2026-09-13 12:18:00;19, 33, 12, 23, 6, 36, 17;4;3
#72609130207;2026-09-13;Воскресенье;2026-09-13 12:21:36;16, 39, 18, 6, 19, 35, 29;5;2
#72609130208;2026-09-13;Воскресенье;2026-09-13 12:25:12;9, 42, 38, 31, 1, 30, 8;5;2
#72609130209;2026-09-13;Воскресенье;2026-09-13 12:28:48;35, 28, 10, 12, 41, 34, 33;3;4
#72609130210;2026-09-13;Воскресенье;2026-09-13 12:32:24;17, 11, 19, 26, 31, 28, 34;4;3
#72609130211;2026-09-13;Воскресенье;2026-09-13 12:36:00;16, 42, 13, 40, 30, 35, 36;5;2
#72609130212;2026-09-13;Воскресенье;2026-09-13 12:39:36;42, 24, 18, 17, 34, 41, 21;3;4
#72609130213;2026-09-13;Воскресенье;2026-09-13 12:43:12;7, 37, 35, 24, 23, 6, 42;5;2
#72609130214;2026-09-13;Воскресенье;2026-09-13 12:46:48;37, 35, 28, 41, 23, 11, 29;4;3
#72609130215;2026-09-13;Воскресенье;2026-09-13 12:50:24;35, 21, 18, 6, 14, 5, 15;5;2
#72609130216;2026-09-13;Воскресенье;2026-09-13 12:54:00;36, 39, 3, 42, 16, 1, 28;3;4
#72609130217;2026-09-13;Воскресенье;2026-09-13 12:57:36;26, 7, 5, 14, 2, 6, 34;4;3
#72609130218;2026-09-13;Воскресенье;2026-09-13 13:01:12;5, 16, 30, 26, 28, 15, 38;4;3
#72609130219;2026-09-13;Воскресенье;2026-09-13 13:04:48;27, 8, 13, 1, 24, 23, 15;1;6
#72609130220;2026-09-13;Воскресенье;2026-09-13 13:08:24;20, 37, 32, 17, 6, 42, 22;2;5
#72609130221;2026-09-13;Воскресенье;2026-09-13 13:12:00;5, 20, 3, 41, 35, 36, 32;1;6
#72609130222;2026-09-13;Воскресенье;2026-09-13 13:15:36;24, 25, 30, 5, 20, 8, 41;2;5
#72609130223;2026-09-13;Воскресенье;2026-09-13 13:19:12;8, 17, 34, 30, 15, 2, 22;2;5
#72609130224;2026-09-13;Воскресенье;2026-09-13 13:22:48;23, 25, 42, 18, 36, 2, 6;6;1
#72609130225;2026-09-13;Воскресенье;2026-09-13 13:26:24;26, 20, 35, 27, 40, 3, 1;2;5
#72609130226;2026-09-13;Воскресенье;2026-09-13 13:30:00;19, 2, 8, 24, 12, 1, 39;2;5
#72609130227;2026-09-13;Воскресенье;2026-09-13 13:33:36;29, 41, 21, 25, 26, 12, 5;2;5
#72609130228;2026-09-13;Воскресенье;2026-09-13 13:37:12;1, 10, 7, 37, 21, 14, 3;3;4
#72609130229;2026-09-13;Воскресенье;2026-09-13 13:40:48;31, 7, 19, 24, 38, 36, 18;5;2
#72609130230;2026-09-13;Воскресенье;2026-09-13 13:44:24;23, 11, 14, 27, 28, 5, 4;5;2
#72609130231;2026-09-13;Воскресенье;2026-09-13 13:48:00;35, 4, 20, 24, 32, 27, 2;3;4
#72609130232;2026-09-13;Воскресенье;2026-09-13 13:51:36;3, 22, 4, 33, 15, 8, 21;3;4
#72609130233;2026-09-13;Воскресенье;2026-09-13 13:55:12;7, 36, 35, 9, 12, 31, 6;5;2
#72609130234;2026-09-13;Воскресенье;2026-09-13 13:58:48;10, 29, 34, 37, 4, 39, 16;2;5
#72609130235;2026-09-13;Воскресенье;2026-09-13 14:02:24;42, 36, 41, 9, 38, 22, 12;3;4
#72609130236;2026-09-13;Воскресенье;2026-09-13 14:06:00;35, 42, 1, 40, 10, 19, 41;4;3
#72609130237;2026-09-13;Воскресенье;2026-09-13 14:09:36;42, 36, 5, 21, 27, 32, 16;3;4
#72609130238;2026-09-13;Воскресенье;2026-09-13 14:13:12;6, 42, 5, 11, 23, 18, 37;5;2
#72609130239;2026-09-13;Воскресенье;2026-09-13 14:16:48;4, 15, 27, 20, 12, 1, 41;1;6
#72609130240;2026-09-13;Воскресенье;2026-09-13 14:20:24;14, 36, 41, 8, 2, 17, 37;2;5
#72609130241;2026-09-13;Воскресенье;2026-09-13 14:24:00;24, 20, 8, 7, 35, 15, 17;2;5
#72609130242;2026-09-13;Воскресенье;2026-09-13 14:27:36;3, 32, 12, 33, 28, 10, 6;3;4
#72609130243;2026-09-13;Воскресенье;2026-09-13 14:31:12;22, 18, 34, 4, 6, 19, 42;5;2
#72609130244;2026-09-13;Воскресенье;2026-09-13 14:34:48;8, 11, 32, 7, 5, 37, 29;2;5
#72609130245;2026-09-13;Воскресенье;2026-09-13 14:38:24;28, 35, 19, 30, 27, 22, 41;4;3
#72609130246;2026-09-13;Воскресенье;2026-09-13 14:42:00;4, 31, 36, 23, 13, 41, 33;4;3
#72609130247;2026-09-13;Воскресенье;2026-09-13 14:45:36;29, 4, 9, 41, 38, 32, 30;4;3
#72609130248;2026-09-13;Воскресенье;2026-09-13 14:49:12;29, 32, 33, 36, 41, 37, 28;2;5
#72609130249;2026-09-13;Воскресенье;2026-09-13 14:52:48;26, 22, 8, 35, 12, 25, 4;3;4
#72609130250;2026-09-13;Воскресенье;2026-09-13 14:56:24;20, 21, 38, 6, 42, 17, 7;5;2
#72609130251;2026-09-13;Воскресенье;2026-09-13 15:00:00;27, 8, 4, 16, 11, 23, 32;4;3
#72609130252;2026-09-13;Воскресенье;2026-09-13 15:03:36;4, 26, 12, 39, 23, 30, 18;4;3
#72609130253;2026-09-13;Воскресенье;2026-09-13 15:07:12;5, 27, 14, 25, 36, 8, 29;2;5
#72609130254;2026-09-13;Воскресенье;2026-09-13 15:10:48;19, 34, 15, 5, 32, 8, 6;2;5
#72609130255;2026-09-13;Воскресенье;2026-09-13 15:14:24;28, 32, 1, 20, 7, 11, 27;3;4
#72609130256;2026-09-13;Воскресенье;2026-09-13 15:18:00;8, 42, 28, 19, 39, 15, 30;4;3
#72609130257;2026-09-13;Воскресенье;2026-09-13 15:21:36;29, 21, 28, 30, 5, 26, 11;4;3
#72609130258;2026-09-13;Воскресенье;2026-09-13 15:25:12;40, 26, 39, 13, 22, 32, 12;1;6
#72609130259;2026-09-13;Воскресенье;2026-09-13 15:28:48;14, 37, 42, 31, 36, 15, 25;4;3
#72609130260;2026-09-13;Воскресенье;2026-09-13 15:32:24;20, 9, 26, 31, 34, 5, 35;3;4
#72609130261;2026-09-13;Воскресенье;2026-09-13 15:36:00;20, 42, 7, 33, 32, 30, 3;4;3
#72609130262;2026-09-13;Воскресенье;2026-09-13 15:39:36;37, 32, 9, 27, 3, 39, 25;2;5
#72609130263;2026-09-13;Воскресенье;2026-09-13 15:43:12;7, 32, 4, 28, 33, 20, 13;4;3
#72609130264;2026-09-13;Воскресенье;2026-09-13 15:46:48;1, 37, 2, 7, 3, 19, 40;4;3
#72609130265;2026-09-13;Воскресенье;2026-09-13 15:50:24;13, 28, 38, 32, 3, 34, 4;3;4
#72609130266;2026-09-13;Воскресенье;2026-09-13 15:54:00;32, 22, 35, 42, 24, 16, 19;4;3
#72609130267;2026-09-13;Воскресенье;2026-09-13 15:57:36;36, 29, 31, 11, 12, 4, 35;4;3
#72609130268;2026-09-13;Воскресенье;2026-09-13 16:01:12;33, 42, 2, 11, 3, 30, 21;6;1
#72609130269;2026-09-13;Воскресенье;2026-09-13 16:04:48;15, 16, 14, 13, 7, 19, 11;5;2
#72609130270;2026-09-13;Воскресенье;2026-09-13 16:08:24;40, 42, 29, 5, 33, 16, 37;4;3
#72609130271;2026-09-13;Воскресенье;2026-09-13 16:12:00;41, 26, 38, 11, 22, 10, 35;3;4
#72609130272;2026-09-13;Воскресенье;2026-09-13 16:15:36;12, 14, 35, 16, 42, 3, 38;5;2
#72609130273;2026-09-13;Воскресенье;2026-09-13 16:19:12;31, 32, 24, 27, 5, 26, 34;1;6
#72609130274;2026-09-13;Воскресенье;2026-09-13 16:22:48;42, 11, 14, 36, 35, 9, 12;5;2
#72609130275;2026-09-13;Воскресенье;2026-09-13 16:26:24;29, 10, 6, 5, 13, 21, 2;3;4
#72609130276;2026-09-13;Воскресенье;2026-09-13 16:30:00;21, 40, 11, 17, 20, 8, 30;4;3
#72609130277;2026-09-13;Воскресенье;2026-09-13 16:33:36;33, 9, 35, 27, 8, 4, 36;4;3
#72609130278;2026-09-13;Воскресенье;2026-09-13 16:37:12;35, 3, 25, 22, 15, 27, 32;2;5
#72609130279;2026-09-13;Воскресенье;2026-09-13 16:40:48;32, 18, 9, 22, 10, 21, 4;4;3
#72609130280;2026-09-13;Воскресенье;2026-09-13 16:44:24;33, 34, 16, 25, 15, 31, 7;5;2
#72609130281;2026-09-13;Воскресенье;2026-09-13 16:48:00;12, 31, 36, 14, 15, 21, 13;3;4
#72609130282;2026-09-13;Воскресенье;2026-09-13 16:51:36;25, 35, 7, 26, 39, 8, 36;3;4
#72609130283;2026-09-13;Воскресенье;2026-09-13 16:55:12;23, 33, 14, 31, 18, 34, 21;6;1
#72609130284;2026-09-13;Воскресенье;2026-09-13 16:58:48;16, 20, 3, 39, 17, 4, 13;2;5
#72609130285;2026-09-13;Воскресенье;2026-09-13 17:02:24;29, 32, 26, 33, 15, 42, 6;3;4
#72609130286;2026-09-13;Воскресенье;2026-09-13 17:06:00;19, 32, 25, 6, 37, 21, 23;5;2
#72609130287;2026-09-13;Воскресенье;2026-09-13 17:09:36;26, 22, 37, 41, 30, 11, 39;2;5
#72609130288;2026-09-13;Воскресенье;2026-09-13 17:13:12;28, 24, 8, 2, 37, 13, 22;2;5
#72609130289;2026-09-13;Воскресенье;2026-09-13 17:16:48;27, 11, 1, 7, 17, 26, 32;2;5
#72609130290;2026-09-13;Воскресенье;2026-09-13 17:20:24;4, 39, 28, 40, 10, 15, 34;3;4
#72609130291;2026-09-13;Воскресенье;2026-09-13 17:24:00;41, 11, 6, 10, 20, 39, 32;2;5
#72609130292;2026-09-13;Воскресенье;2026-09-13 17:27:36;18, 14, 25, 30, 1, 34, 38;5;2
#72609130293;2026-09-13;Воскресенье;2026-09-13 17:31:12;40, 29, 18, 5, 34, 3, 35;3;4
#72609130294;2026-09-13;Воскресенье;2026-09-13 17:34:48;31, 15, 33, 5, 41, 20, 23;3;4
#72609130295;2026-09-13;Воскресенье;2026-09-13 17:38:24;23, 41, 38, 25, 13, 31, 28;5;2
#72609130296;2026-09-13;Воскресенье;2026-09-13 17:42:00;2, 1, 32, 36, 39, 23, 4;3;4
#72609130297;2026-09-13;Воскресенье;2026-09-13 17:45:36;19, 22, 36, 23, 42, 13, 18;4;3
#72609130298;2026-09-13;Воскресенье;2026-09-13 17:49:12;9, 29, 10, 5, 34, 22, 3;1;6
#72609130299;2026-09-13;Воскресенье;2026-09-13 17:52:48;11, 1, 10, 38, 28, 40, 23;5;2
#72609130300;2026-09-13;Воскресенье;2026-09-13 17:56:24;37, 26, 23, 11, 2, 30, 42;5;2
#72609130301;2026-09-13;Воскресенье;2026-09-13 18:00:00;10, 40, 11, 38, 24, 41, 37;3;4
#72609130302;2026-09-13;Воскресенье;2026-09-13 18:03:36;24, 4, 11, 3, 25, 21, 31;5;2
#72609130303;2026-09-13;Воскресенье;2026-09-13 18:07:12;38, 7, 32, 33, 34, 4, 39;4;3
#72609130304;2026-09-13;Воскресенье;2026-09-13 18:10:48;14, 8, 15, 19, 5, 2, 6;4;3
#72609130305;2026-09-13;Воскресенье;2026-09-13 18:14:24;20, 16, 2, 28, 12, 21, 10;4;3
#72609130306;2026-09-13;Воскресенье;2026-09-13 18:18:00;21, 7, 4, 16, 28, 27, 41;5;2
#72609130307;2026-09-13;Воскресенье;2026-09-13 18:21:36;11, 41, 2, 9, 16, 21, 31;6;1
#72609130308;2026-09-13;Воскресенье;2026-09-13 18:25:12;11, 25, 24, 31, 30, 29, 3;4;3
#72609130309;2026-09-13;Воскресенье;2026-09-13 18:28:48;22, 8, 28, 39, 16, 1, 3;2;5
#72609130310;2026-09-13;Воскресенье;2026-09-13 18:32:24;12, 37, 13, 8, 42, 26, 32;1;6
#72609130311;2026-09-13;Воскресенье;2026-09-13 18:36:00;17, 21, 26, 16, 8, 35, 25;4;3
#72609130312;2026-09-13;Воскресенье;2026-09-13 18:39:36;20, 27, 5, 11, 21, 38, 1;3;4
#72609130313;2026-09-13;Воскресенье;2026-09-13 18:43:12;27, 1, 20, 24, 40, 32, 31;2;5
#72609130314;2026-09-13;Воскресенье;2026-09-13 18:46:48;8, 38, 40, 22, 29, 5, 23;3;4
#72609130315;2026-09-13;Воскресенье;2026-09-13 18:50:24;15, 35, 5, 24, 33, 18, 10;3;4
#72609130316;2026-09-13;Воскресенье;2026-09-13 18:54:00;28, 31, 12, 39, 23, 27, 8;3;4
#72609130317;2026-09-13;Воскресенье;2026-09-13 18:57:36;39, 24, 30, 13, 40, 11, 31;4;3
#72609130318;2026-09-13;Воскресенье;2026-09-13 19:01:12;33, 22, 25, 10, 12, 30, 38;4;3
#72609130319;2026-09-13;Воскресенье;2026-09-13 19:04:48;21, 22, 33, 10, 6, 26, 20;3;4
#72609130320;2026-09-13;Воскресенье;2026-09-13 19:08:24;34, 7, 29, 35, 3, 13, 27;2;5
#72609130321;2026-09-13;Воскресенье;2026-09-13 19:12:00;30, 8, 12, 17, 36, 10, 33;2;5
#72609130322;2026-09-13;Воскресенье;2026-09-13 19:15:36;17, 31, 41, 13, 37, 18, 27;2;5
#72609130323;2026-09-13;Воскресенье;2026-09-13 19:19:12;20, 9, 33, 24, 13, 11, 27;3;4
#72609130324;2026-09-13;Воскресенье;2026-09-13 19:22:48;29, 19, 30, 40, 24, 8, 9;4;3
#72609130325;2026-09-13;Воскресенье;2026-09-13 19:26:24;33, 21, 40, 1, 27, 10, 5;3;4
#72609130326;2026-09-13;Воскресенье;2026-09-13 19:30:00;10, 38, 30, 34, 42, 13, 9;4;3
#72609130327;2026-09-13;Воскресенье;2026-09-13 19:33:36;4, 27, 31, 3, 15, 40, 16;4;3
#72609130328;2026-09-13;Воскресенье;2026-09-13 19:37:12;41, 18, 11, 21, 16, 20, 4;5;2
#72609130329;2026-09-13;Воскресенье;2026-09-13 19:40:48;29, 19, 11, 1, 21, 25, 38;5;2
#72609130330;2026-09-13;Воскресенье;2026-09-13 19:44:24;25, 21, 4, 29, 11, 9, 41;5;2
#72609130331;2026-09-13;Воскресенье;2026-09-13 19:48:00;34, 6, 24, 7, 39, 28, 41;3;4
#72609130332;2026-09-13;Воскресенье;2026-09-13 19:51:36;40, 25, 5, 27, 15, 23, 12;3;4
#72609130333;2026-09-13;Воскресенье;2026-09-13 19:55:12;9, 13, 24, 14, 16, 33, 17;4;3
#72609130334;2026-09-13;Воскресенье;2026-09-13 19:58:48;21, 40, 25, 30, 22, 17, 41;4;3
#72609130335;2026-09-13;Воскресенье;2026-09-13 20:02:24;15, 4, 1, 33, 9, 11, 42;5;2
#72609130336;2026-09-13;Воскресенье;2026-09-13 20:06:00;10, 18, 23, 41, 5, 35, 4;4;3
#72609130337;2026-09-13;Воскресенье;2026-09-13 20:09:36;25, 11, 40, 6, 2, 20, 29;5;2
#72609130338;2026-09-13;Воскресенье;2026-09-13 20:13:12;28, 36, 23, 24, 18, 27, 41;3;4
#72609130339;2026-09-13;Воскресенье;2026-09-13 20:16:48;5, 29, 23, 10, 16, 40, 34;3;4
#72609130340;2026-09-13;Воскресенье;2026-09-13 20:20:24;2, 13, 10, 19, 33, 9, 11;5;2
#72609130341;2026-09-13;Воскресенье;2026-09-13 20:24:00;38, 29, 18, 40, 27, 21, 20;4;3
